{"model":{"type":"range_dispatch","property":"custom_model_data","index":0,"fallback":{"model":"item/stick","type":"model"},"entries":[{"threshold":10000,"model":{"model":"iasurvival:ia_auto_gen/flour","type":"model"}},{"threshold":10001,"model":{"model":"iasurvival:ia_auto_gen/jar","type":"model"}},{"threshold":10002,"model":{"model":"iasurvival:ia_auto_gen/cup_of_hot_water","type":"model"}},{"threshold":10003,"model":{"model":"iasurvival:ia_auto_gen/empty_cup","type":"model"}},{"threshold":10004,"model":{"model":"iasurvival:ia_auto_gen/ketchup","type":"model"}},{"threshold":10005,"model":{"model":"iaweapons:ia_auto_gen/clip","type":"model"}},{"threshold":10006,"model":{"model":"iageneric:ia_auto_gen/bug_medal","type":"model"}},{"threshold":10007,"model":{"model":"iageneric:ia_auto_gen/cute_medal","type":"model"}},{"threshold":10008,"model":{"model":"iageneric:ia_auto_gen/donator_medal","type":"model"}},{"threshold":10009,"model":{"model":"iageneric:ia_auto_gen/coin","type":"model"}},{"threshold":10010,"model":{"model":"iageneric:ia_auto_gen/banknote","type":"model"}},{"threshold":10011,"model":{"model":"iageneric:ia_auto_gen/sack_of_money","type":"model"}},{"threshold":10012,"model":{"model":"iageneric:ia_auto_gen/plastic_bag","type":"model"}},{"threshold":10013,"model":{"model":"iageneric:ia_auto_gen/light_blue_coupon","type":"model"}},{"threshold":10014,"model":{"model":"iageneric:ia_auto_gen/turquoise_coupon","type":"model"}},{"threshold":10015,"model":{"model":"iageneric:ia_auto_gen/purple_coupon","type":"model"}},{"threshold":10016,"model":{"model":"iageneric:ia_auto_gen/green_coupon","type":"model"}},{"threshold":10017,"model":{"model":"iageneric:ia_auto_gen/red_coupon","type":"model"}},{"threshold":10018,"model":{"model":"iageneric:ia_auto_gen/black_coupon","type":"model"}},{"threshold":10019,"model":{"model":"iageneric:ia_auto_gen/white_coupon","type":"model"}},{"threshold":10020,"model":{"model":"iageneric:ia_auto_gen/golden_coupon","type":"model"}},{"threshold":10021,"model":{"model":"iageneric:ia_auto_gen/blue_ring","type":"model"}},{"threshold":10022,"model":{"model":"iageneric:ia_auto_gen/light_blue_ring","type":"model"}},{"threshold":10023,"model":{"model":"iageneric:ia_auto_gen/turquoise_ring","type":"model"}},{"threshold":10024,"model":{"model":"iageneric:ia_auto_gen/purple_ring","type":"model"}},{"threshold":10025,"model":{"model":"iageneric:ia_auto_gen/green_ring","type":"model"}},{"threshold":10026,"model":{"model":"iageneric:ia_auto_gen/red_ring","type":"model"}},{"threshold":10027,"model":{"model":"iageneric:ia_auto_gen/black_ring","type":"model"}},{"threshold":10028,"model":{"model":"iageneric:ia_auto_gen/white_ring","type":"model"}},{"threshold":10029,"model":{"model":"iageneric:ia_auto_gen/golden_ring","type":"model"}},{"threshold":10030,"model":{"model":"iageneric:ia_auto_gen/marriage_ring","type":"model"}},{"threshold":10031,"model":{"model":"iageneric:ia_auto_gen/blue_key","type":"model"}},{"threshold":10032,"model":{"model":"iageneric:ia_auto_gen/light_blue_key","type":"model"}},{"threshold":10033,"model":{"model":"iageneric:ia_auto_gen/turquoise_key","type":"model"}},{"threshold":10034,"model":{"model":"iageneric:ia_auto_gen/purple_key","type":"model"}},{"threshold":10035,"model":{"model":"iageneric:ia_auto_gen/green_key","type":"model"}},{"threshold":10036,"model":{"model":"iageneric:ia_auto_gen/red_key","type":"model"}},{"threshold":10037,"model":{"model":"iageneric:ia_auto_gen/black_key","type":"model"}},{"threshold":10038,"model":{"model":"iageneric:ia_auto_gen/white_key","type":"model"}},{"threshold":10039,"model":{"model":"iageneric:ia_auto_gen/golden_key","type":"model"}},{"threshold":10040,"model":{"model":"iageneric:item/carton_box","type":"model"}},{"threshold":10041,"model":{"model":"iasurvival:ia_auto_gen/chili_powder","type":"model"}},{"threshold":10042,"model":{"model":"iasurvival:ia_auto_gen/sword_skin_rusteroth","type":"model"}},{"threshold":10043,"model":{"model":"iasurvival:ia_auto_gen/sword_skin_bloodnite","type":"model"}},{"threshold":10044,"model":{"model":"iasurvival:ia_auto_gen/sword_skin_vyderlight","type":"model"}},{"threshold":10045,"model":{"model":"iasurvival:ia_auto_gen/sword_skin_aqualight","type":"model"}},{"threshold":10046,"model":{"model":"iasurvival:ia_auto_gen/dough","type":"model"}},{"threshold":10047,"model":{"model":"iaweapons:ia_auto_gen/shotgun_cartridge","type":"model"}},{"threshold":10048,"model":{"model":"iasurvival:ia_auto_gen/nest","type":"model"}},{"threshold":10049,"model":{"model":"iasurvival:ia_auto_gen/eggs_nest","type":"model"}},{"threshold":10050,"model":{"model":"iasurvival:ia_auto_gen/plastic","type":"model"}},{"threshold":10051,"model":{"model":"iasurvival:ia_auto_gen/plastic_plate","type":"model"}},{"threshold":10052,"model":{"model":"iasurvival:ia_auto_gen/iron_plate","type":"model"}},{"threshold":10053,"model":{"model":"iasurvival:ia_auto_gen/tobacco","type":"model"}},{"threshold":10054,"model":{"model":"iaweapons:ia_auto_gen/projectile","type":"model"}},{"threshold":10055,"model":{"model":"iadeco:item/cut_spruce_log","type":"model"}},{"threshold":10056,"model":{"model":"iamusic:ia_auto_gen/blank_disc","type":"model"}},{"threshold":10057,"model":{"model":"iamusic:ia_auto_gen/music_disc_electric_keys","type":"model"}},{"threshold":10058,"model":{"model":"iamusic:ia_auto_gen/music_disc_cdk_sunday","type":"model"}},{"threshold":10059,"model":{"model":"iamusic:ia_auto_gen/music_disc_vidian_aether_theories","type":"model"}},{"threshold":10060,"model":{"model":"iaalchemy:ia_auto_gen/energy_orb","type":"model"}},{"threshold":10061,"model":{"model":"iaalchemy:ia_auto_gen/small_energy_capsule","type":"model"}},{"threshold":10062,"model":{"model":"iaalchemy:ia_auto_gen/energy_capsule","type":"model"}},{"threshold":10063,"model":{"model":"iasurvival:ia_auto_gen/drink_glass","type":"model"}},{"threshold":10064,"model":{"model":"iasurvival:ia_auto_gen/ketchup_bottle","type":"model"}},{"threshold":10065,"model":{"model":"iasurvival:ia_auto_gen/cup_of_water","type":"model"}},{"threshold":10066,"model":{"model":"iaalchemy:item/mysterious_artifact","type":"model"}},{"threshold":10067,"model":{"model":"furnituresplus:ia_auto_gen/cyansummerfabric","type":"model"}},{"threshold":10068,"model":{"model":"furnituresplus:ia_auto_gen/acaciagray","type":"model"}},{"threshold":10069,"model":{"model":"furnituresplus:ia_auto_gen/redfabric","type":"model"}},{"threshold":10070,"model":{"model":"furnituresplus:ia_auto_gen/yellowfabric","type":"model"}},{"threshold":10071,"model":{"model":"furnituresplus:ia_auto_gen/blackfabric","type":"model"}},{"threshold":10072,"model":{"model":"furnituresplus:ia_auto_gen/greenfabric","type":"model"}},{"threshold":10073,"model":{"model":"furnituresplus:ia_auto_gen/bluefabric","type":"model"}},{"threshold":10074,"model":{"model":"furnituresplus:ia_auto_gen/amethystfabric","type":"model"}},{"threshold":10075,"model":{"model":"furnituresplus:ia_auto_gen/bamboofabric","type":"model"}},{"threshold":10076,"model":{"model":"furnituresplus:ia_auto_gen/cherryfabric","type":"model"}},{"threshold":10077,"model":{"model":"furnituresplus:ia_auto_gen/mangrovefabric","type":"model"}},{"threshold":10078,"model":{"model":"item/stick","type":"model"}}]}}