{"credit":"Made with Blockbench","textures":{"0":"furnituresplus:furnituresplus/bamboo_block","1":"furnituresplus:furnituresplus/bamboo_trapdoor","2":"furnituresplus:furnituresplus/bamboo_mosaic","particle":"furnituresplus:furnituresplus/bamboo_block"},"elements":[{"from":[2,0,2],"to":[4,16,4],"rotation":{"angle":0,"axis":"y","origin":[2,0,2]},"faces":{"north":{"uv":[0,0,2,16],"texture":"#0"},"east":{"uv":[0,0,2,16],"texture":"#0"},"south":{"uv":[0,0,2,16],"texture":"#0"},"west":{"uv":[0,0,2,16],"texture":"#0"},"up":{"uv":[0,0,2,2],"texture":"#0"},"down":{"uv":[0,0,2,2],"texture":"#0"}}},{"from":[12,0,2],"to":[14,16,4],"rotation":{"angle":0,"axis":"y","origin":[12,0,2]},"faces":{"north":{"uv":[0,0,2,16],"texture":"#0"},"east":{"uv":[0,0,2,16],"texture":"#0"},"south":{"uv":[0,0,2,16],"texture":"#0"},"west":{"uv":[0,0,2,16],"texture":"#0"},"up":{"uv":[0,0,2,2],"texture":"#0"},"down":{"uv":[0,0,2,2],"texture":"#0"}}},{"from":[12,16,2],"to":[14,24,4],"rotation":{"angle":0,"axis":"y","origin":[12,16,2]},"faces":{"north":{"uv":[0,5,2,13],"texture":"#0"},"east":{"uv":[0,5,2,13],"texture":"#0"},"south":{"uv":[0,5,2,13],"texture":"#0"},"west":{"uv":[0,5,2,13],"texture":"#0"},"up":{"uv":[0,0,2,2],"texture":"#0"},"down":{"uv":[0,0,2,2],"texture":"#0"}}},{"from":[2,16,2],"to":[4,24,4],"rotation":{"angle":0,"axis":"y","origin":[2,16,2]},"faces":{"north":{"uv":[0,5,2,13],"texture":"#0"},"east":{"uv":[0,5,2,13],"texture":"#0"},"south":{"uv":[0,5,2,13],"texture":"#0"},"west":{"uv":[0,5,2,13],"texture":"#0"},"up":{"uv":[0,0,2,2],"texture":"#0"},"down":{"uv":[0,0,2,2],"texture":"#0"}}},{"from":[12,0,13],"to":[14,11,15],"rotation":{"angle":0,"axis":"y","origin":[12,0,13]},"faces":{"north":{"uv":[0,0,2,11],"texture":"#0"},"east":{"uv":[0,0,2,11],"texture":"#0"},"south":{"uv":[0,0,2,11],"texture":"#0"},"west":{"uv":[0,0,2,11],"texture":"#0"},"up":{"uv":[0,0,2,2],"texture":"#0"},"down":{"uv":[0,0,2,2],"texture":"#0"}}},{"from":[3,8,3],"to":[13,10,14],"rotation":{"angle":0,"axis":"y","origin":[10,0,14]},"faces":{"north":{"uv":[0,0,10,2],"texture":"#2"},"east":{"uv":[0,0,11,2],"texture":"#2"},"south":{"uv":[0,0,10,2],"texture":"#2"},"west":{"uv":[0,0,11,2],"texture":"#2"},"up":{"uv":[0,0,10,11],"texture":"#2"},"down":{"uv":[0,0,10,11],"texture":"#2"}}},{"from":[3,10,2.5],"to":[13,12,3.5],"rotation":{"angle":0,"axis":"y","origin":[10,2,13.5]},"faces":{"north":{"uv":[0,0,10,2],"texture":"#0"},"east":{"uv":[0,0,1,2],"texture":"#0"},"south":{"uv":[0,0,10,2],"texture":"#0"},"west":{"uv":[0,0,1,2],"texture":"#0"},"up":{"uv":[0,0,10,1],"texture":"#0"},"down":{"uv":[0,0,10,1],"texture":"#0"}}},{"from":[3,12,2.8],"to":[13,20,2.8],"rotation":{"angle":0,"axis":"y","origin":[10,5,13.8]},"faces":{"north":{"uv":[3,4,13,12],"texture":"#1"},"east":{"uv":[0,0,0,7],"texture":"#0"},"south":{"uv":[3,4,13,12],"texture":"#1"},"west":{"uv":[0,0,0,7],"texture":"#0"},"up":{"uv":[0,0,10,0],"texture":"#0"},"down":{"uv":[0,0,10,0],"texture":"#0"}}},{"from":[3,20,2.5],"to":[13,22,3.5],"rotation":{"angle":0,"axis":"y","origin":[10,12,13.5]},"faces":{"north":{"uv":[0,0,10,2],"texture":"#0"},"east":{"uv":[0,0,1,2],"texture":"#0"},"south":{"uv":[0,0,10,2],"texture":"#0"},"west":{"uv":[0,0,1,2],"texture":"#0"},"up":{"uv":[0,0,10,1],"texture":"#0"},"down":{"uv":[0,0,10,1],"texture":"#0"}}},{"from":[2,0,13],"to":[4,11,15],"rotation":{"angle":0,"axis":"y","origin":[2,0,13]},"faces":{"north":{"uv":[0,0,2,11],"texture":"#0"},"east":{"uv":[0,0,2,11],"texture":"#0"},"south":{"uv":[0,0,2,11],"texture":"#0"},"west":{"uv":[0,0,2,11],"texture":"#0"},"up":{"uv":[0,0,2,2],"texture":"#0"},"down":{"uv":[0,0,2,2],"texture":"#0"}}}],"display":{"thirdperson_righthand":{"rotation":[75,45,0],"translation":[0,2.5,0],"scale":[0.375,0.375,0.375]},"thirdperson_lefthand":{"rotation":[75,45,0],"translation":[0,2.5,0],"scale":[0.375,0.375,0.375]},"firstperson_righthand":{"rotation":[0,45,0],"scale":[0.4,0.4,0.4]},"firstperson_lefthand":{"rotation":[0,45,0],"scale":[0.4,0.4,0.4]},"ground":{"translation":[0,2,0],"scale":[0.5,0.5,0.5]},"gui":{"rotation":[30,45,0],"translation":[0,-1.6,0],"scale":[0.48438,0.48438,0.48438]},"head":{"translation":[0,-30.4,0],"scale":[1.6,1.6,1.6]},"fixed":{"rotation":[-90,180,0],"translation":[0,0,-16],"scale":[2,2,2]}}}