{"credit":"Made with Blockbench","textures":{"1":"furnituresplus:furnituresplus/gray_wool","2":"furnituresplus:furnituresplus/iron_block","3":"furnituresplus:furnituresplus/blackfabric","particle":"furnituresplus:furnituresplus/gray_wool"},"elements":[{"from":[0,3,1],"to":[16,9,16],"faces":{"north":{"uv":[0,0,15,6],"texture":"#1"},"east":{"uv":[0,0,15,6],"texture":"#1"},"south":{"uv":[0,0,15,6],"texture":"#1"},"west":{"uv":[0,0,15,6],"texture":"#1"},"up":{"uv":[0,0,15,15],"texture":"#1"},"down":{"uv":[0,0,15,15],"texture":"#1"}}},{"from":[0,2,1],"to":[16,3,16],"faces":{"north":{"uv":[0,0,13,1],"texture":"#2"},"east":{"uv":[0,0,14,1],"texture":"#2"},"south":{"uv":[0,0,13,1],"texture":"#2"},"west":{"uv":[0,0,14,1],"texture":"#2"},"up":{"uv":[0,0,13,14],"texture":"#2"},"down":{"uv":[0,0,13,14],"texture":"#2"}}},{"from":[1,9,1],"to":[15,16,4],"faces":{"north":{"uv":[0,0,15,10],"texture":"#1"},"east":{"uv":[0,0,3,10],"texture":"#1"},"south":{"uv":[0,0,15,10],"texture":"#1"},"west":{"uv":[0,0,3,10],"texture":"#1"},"up":{"uv":[0,0,15,3],"texture":"#1"},"down":{"uv":[0,0,15,3],"texture":"#1"}}},{"from":[13,9,1.3],"to":[16,12,12],"faces":{"north":{"uv":[0,0,15,10],"texture":"#1"},"east":{"uv":[0,0,14,4],"texture":"#1"},"south":{"uv":[0,0,15,10],"texture":"#1"},"west":{"uv":[0,0,14,4],"texture":"#1"},"up":{"uv":[0,0,9,10],"texture":"#1"},"down":{"uv":[0,0,15,3],"texture":"#1"}}},{"from":[0,9,1.5],"to":[3,12,12],"faces":{"north":{"uv":[0,0,15,10],"texture":"#1"},"east":{"uv":[0,0,14,4],"texture":"#1"},"south":{"uv":[0,0,15,10],"texture":"#1"},"west":{"uv":[0,0,14,4],"texture":"#1"},"up":{"uv":[0,0,9,10],"texture":"#1"},"down":{"uv":[0,0,15,3],"texture":"#1"}}},{"from":[1,7,0],"to":[16,8,1],"faces":{"north":{"uv":[0,0,14,3],"texture":"#2"},"east":{"uv":[0,0,1,3],"texture":"#2"},"south":{"uv":[0,0,14,3],"texture":"#2"},"west":{"uv":[0,0,1,3],"texture":"#2"},"up":{"uv":[0,0,14,1],"texture":"#2"},"down":{"uv":[0,0,14,1],"texture":"#2"}}},{"from":[1,7,0],"to":[1,8,9],"faces":{"north":{"uv":[0,0,14,3],"texture":"#2"},"east":{"uv":[0,0,1,3],"texture":"#2"},"south":{"uv":[0,0,14,3],"texture":"#2"},"west":{"uv":[0,0,1,3],"texture":"#2"},"up":{"uv":[0,0,14,1],"texture":"#2"},"down":{"uv":[0,0,14,1],"texture":"#2"}}},{"from":[15,3,0],"to":[16,8,1],"faces":{"north":{"uv":[0,1,1,9],"texture":"#2"},"east":{"uv":[0,1,1,9],"texture":"#2"},"south":{"uv":[0,1,1,9],"texture":"#2"},"west":{"uv":[0,1,1,9],"texture":"#2"},"up":{"uv":[0,1,1,9],"texture":"#2"},"down":{"uv":[0,1,1,9],"texture":"#2"}}},{"from":[0,3,0],"to":[1,8,1],"faces":{"north":{"uv":[0,1,1,9],"texture":"#2"},"east":{"uv":[0,1,1,9],"texture":"#2"},"south":{"uv":[0,1,1,9],"texture":"#2"},"west":{"uv":[0,1,1,9],"texture":"#2"},"up":{"uv":[0,1,1,9],"texture":"#2"},"down":{"uv":[0,1,1,9],"texture":"#2"}}},{"from":[0,2,0],"to":[16,3,1],"faces":{"north":{"uv":[0,0,14,1],"texture":"#2"},"east":{"uv":[0,0,1,1],"texture":"#2"},"south":{"uv":[0,0,14,1],"texture":"#2"},"west":{"uv":[0,0,1,1],"texture":"#2"},"up":{"uv":[0,0,14,1],"texture":"#2"},"down":{"uv":[0,0,14,1],"texture":"#2"}}},{"from":[4.5,5.6,7.5],"to":[12.1,11.8,11],"rotation":{"angle":-22.5,"axis":"x","origin":[0,0,0]},"faces":{"north":{"uv":[0,0,12.6,9],"texture":"#3"},"east":{"uv":[0,0,9,16],"texture":"#3"},"south":{"uv":[0,0,16,16],"texture":"#3"},"west":{"uv":[0,0,12,16],"texture":"#3"},"up":{"uv":[0,0,12.6,16],"texture":"#3"},"down":{"uv":[0,0,12.6,2],"texture":"#3"}}},{"from":[14,0,1],"to":[15,2,3],"faces":{"north":{"uv":[0,0,1,2],"texture":"#2"},"east":{"uv":[0,0,2,2],"texture":"#2"},"south":{"uv":[0,0,1,2],"texture":"#2"},"west":{"uv":[0,0,2,2],"texture":"#2"},"up":{"uv":[0,0,1,2],"texture":"#2"},"down":{"uv":[0,0,1,2],"texture":"#2"}}},{"from":[0,0,13],"to":[1,2,15],"faces":{"north":{"uv":[0,0,1,2],"texture":"#2"},"east":{"uv":[0,0,2,2],"texture":"#2"},"south":{"uv":[0,0,1,2],"texture":"#2"},"west":{"uv":[0,0,2,2],"texture":"#2"},"up":{"uv":[0,0,1,2],"texture":"#2"},"down":{"uv":[0,0,1,2],"texture":"#2"}}},{"from":[15,0,13],"to":[16,2,15],"faces":{"north":{"uv":[0,0,1,2],"texture":"#2"},"east":{"uv":[0,0,2,2],"texture":"#2"},"south":{"uv":[0,0,1,2],"texture":"#2"},"west":{"uv":[0,0,2,2],"texture":"#2"},"up":{"uv":[0,0,1,2],"texture":"#2"},"down":{"uv":[0,0,1,2],"texture":"#2"}}},{"from":[0,0,1],"to":[2,2,3],"faces":{"north":{"uv":[0,0,1,2],"texture":"#2"},"east":{"uv":[0,0,2,2],"texture":"#2"},"south":{"uv":[0,0,1,2],"texture":"#2"},"west":{"uv":[0,0,2,2],"texture":"#2"},"up":{"uv":[0,0,1,2],"texture":"#2"},"down":{"uv":[0,0,1,2],"texture":"#2"}}}],"display":{"thirdperson_righthand":{"rotation":[75,45,0],"translation":[0,2.5,0],"scale":[0.375,0.375,0.375]},"thirdperson_lefthand":{"rotation":[75,45,0],"translation":[0,2.5,0],"scale":[0.375,0.375,0.375]},"firstperson_righthand":{"rotation":[0,45,0],"scale":[0.4,0.4,0.4]},"firstperson_lefthand":{"rotation":[0,45,0],"scale":[0.4,0.4,0.4]},"ground":{"translation":[0,2,0],"scale":[0.5,0.5,0.5]},"gui":{"rotation":[30,45,0],"translation":[0,-0.6,0],"scale":[0.5,0.5,0.5]},"head":{"translation":[0,-30.4,0],"scale":[1.6,1.6,1.6]},"fixed":{"rotation":[-90,180,0],"translation":[0,0,-16],"scale":[2,2,2]}}}