{"credit":"Made with Blockbench","textures":{"1":"itemshopplus:itemshopplus/copper_ingot","2":"itemshopplus:itemshopplus/box","3":"itemshopplus:itemshopplus/gold_ingot","4":"itemshopplus:itemshopplus/emerald","5":"itemshopplus:itemshopplus/iron_ingot","6":"itemshopplus:itemshopplus/diamond","particle":"itemshopplus:itemshopplus/copper_ingot"},"elements":[{"from":[1,6,-2],"to":[15,9,12],"rotation":{"angle":22.5,"axis":"x","origin":[0,0,0]},"faces":{"north":{"uv":[0,0,14,3],"texture":"#2"},"east":{"uv":[0,0,14,3],"texture":"#2"},"south":{"uv":[0,0,14,3],"texture":"#2"},"west":{"uv":[0,0,14,3],"texture":"#2"},"up":{"uv":[0,0,14,14],"texture":"#2"},"down":{"uv":[0,0,14,14],"texture":"#2"}}},{"from":[0.6,9.2,-2.5],"to":[7.6,9.3,4.5],"rotation":{"angle":22.5,"axis":"x","origin":[0,0,0]},"faces":{"north":{"uv":[0,0,10,3],"texture":"#6"},"east":{"uv":[0,0,11,3],"texture":"#6"},"south":{"uv":[0,0,10,3],"texture":"#6"},"west":{"uv":[0,0,11,3],"texture":"#6"},"up":{"uv":[0,0,16,16],"texture":"#6"},"down":{"uv":[0,0,16,16],"texture":"#6"}}},{"from":[8.6,9.5,-2.7],"to":[15.6,9.6,4.3],"rotation":{"angle":22.5,"axis":"x","origin":[0,0,0]},"faces":{"north":{"uv":[0,0,10,3],"texture":"#5"},"east":{"uv":[0,0,11,3],"texture":"#5"},"south":{"uv":[0,0,10,3],"texture":"#5"},"west":{"uv":[0,0,11,3],"texture":"#5"},"up":{"uv":[0,0,16,16],"texture":"#5"},"down":{"uv":[0,0,16,16],"texture":"#5"}}},{"from":[8.7,9.6,5.6],"to":[15.7,9.7,12.6],"rotation":{"angle":22.5,"axis":"x","origin":[0,0,0]},"faces":{"north":{"uv":[0,0,10,3],"texture":"#3"},"east":{"uv":[0,0,11,3],"texture":"#3"},"south":{"uv":[0,0,10,3],"texture":"#3"},"west":{"uv":[0,0,11,3],"texture":"#3"},"up":{"uv":[0,0,16,16],"texture":"#3"},"down":{"uv":[0,0,16,16],"texture":"#3"}}},{"from":[4.6,9.5,2.3],"to":[11.6,9.6,9.3],"rotation":{"angle":22.5,"axis":"x","origin":[0,0,0]},"faces":{"north":{"uv":[0,0,10,3],"texture":"#1"},"east":{"uv":[0,0,11,3],"texture":"#1"},"south":{"uv":[0,0,10,3],"texture":"#1"},"west":{"uv":[0,0,11,3],"texture":"#1"},"up":{"uv":[0,0,16,16],"texture":"#1"},"down":{"uv":[0,0,16,16],"texture":"#1"}}},{"from":[0.1,9.7,5.8],"to":[7.1,9.8,12.8],"rotation":{"angle":22.5,"axis":"x","origin":[0,0,0]},"faces":{"north":{"uv":[0,0,10,3],"texture":"#4"},"east":{"uv":[0,0,11,3],"texture":"#4"},"south":{"uv":[0,0,10,3],"texture":"#4"},"west":{"uv":[0,0,11,3],"texture":"#4"},"up":{"uv":[0,0,16,16],"texture":"#4"},"down":{"uv":[0,0,16,16],"texture":"#4"}}},{"from":[0,6,-3],"to":[1,11,12],"rotation":{"angle":22.5,"axis":"x","origin":[0,0,0]},"faces":{"north":{"uv":[0,0,1,5],"texture":"#2"},"east":{"uv":[0,0,15,5],"texture":"#2"},"south":{"uv":[0,0,1,5],"texture":"#2"},"west":{"uv":[0,0,16,5],"texture":"#2"},"up":{"uv":[0,0,1,15],"texture":"#2"},"down":{"uv":[0,0,1,15],"texture":"#2"}}},{"from":[15,6,-3],"to":[16,11,12],"rotation":{"angle":22.5,"axis":"x","origin":[0,0,0]},"faces":{"north":{"uv":[0,0,1,5],"texture":"#2"},"east":{"uv":[0,0,16,5],"texture":"#2"},"south":{"uv":[0,0,1,5],"texture":"#2"},"west":{"uv":[0,0,15,5],"texture":"#2"},"up":{"uv":[0,0,1,15],"texture":"#2"},"down":{"uv":[0,0,1,15],"texture":"#2"}}},{"from":[1,6,-3],"to":[15,11,-2],"rotation":{"angle":22.5,"axis":"x","origin":[0,0,0]},"faces":{"north":{"uv":[0,0,16,5],"texture":"#2"},"east":{"uv":[0,0,1,5],"texture":"#2"},"south":{"uv":[0,0,14,5],"texture":"#2"},"west":{"uv":[0,0,1,5],"texture":"#2"},"up":{"uv":[0,0,14,1],"texture":"#2"},"down":{"uv":[0,0,14,1],"texture":"#2"}}},{"from":[1,0,2],"to":[15,6,3],"faces":{"north":{"uv":[0,0,16,6],"texture":"#2"},"east":{"uv":[0,0,1,6],"texture":"#2"},"south":{"uv":[0,0,14,6],"texture":"#2"},"west":{"uv":[0,0,1,6],"texture":"#2"},"up":{"uv":[0,0,14,1],"texture":"#2"},"down":{"uv":[0,0,14,1],"texture":"#2"}}},{"from":[0,6,12],"to":[16,11,13],"rotation":{"angle":22.5,"axis":"x","origin":[0,0,0]},"faces":{"north":{"uv":[0,0,16,5],"texture":"#2"},"east":{"uv":[0,0,2.5,5],"texture":"#2"},"south":{"uv":[0,0,16,5],"texture":"#2"},"west":{"uv":[0,0,1,5],"texture":"#2"},"up":{"uv":[0,0,16,1],"texture":"#2"},"down":{"uv":[0,0,16,1],"texture":"#2"}}}],"display":{"thirdperson_righthand":{"rotation":[71.52,8.48,13.89],"translation":[0,0.75,-1],"scale":[0.20508,0.20508,0.20508]},"thirdperson_lefthand":{"rotation":[71.52,8.48,13.89],"translation":[0,0.75,-1],"scale":[0.20508,0.20508,0.20508]},"firstperson_righthand":{"rotation":[0,25,0],"translation":[2,-0.5,0],"scale":[0.28477,0.28477,0.28477]},"firstperson_lefthand":{"rotation":[0,25,0],"translation":[2,-0.5,0],"scale":[0.28477,0.28477,0.28477]},"ground":{"translation":[0,2,0],"scale":[0.5,0.5,0.5]},"gui":{"rotation":[13.85,-35.3,4.13],"translation":[0.5,-2.35,0],"scale":[0.58398,0.58398,0.58398]},"head":{"translation":[0,-30.4,0],"scale":[1.6,1.6,1.6]},"fixed":{"rotation":[-90,180,0],"translation":[0,0,-14],"scale":[2.01,2.01,2.01]}}}