{
	"credit": "Made with Blockbench",
	"textures": {
		"17": "world_additions:netherrack",
		"particle": "world_additions:netherrack"
	},
	"elements": [
		{
			"from": [7, 0, 13],
			"to": [11, 2, 17],
			"rotation": {"angle": -45, "axis": "y", "origin": [12.5, 1.5, 8.5]},
			"faces": {
				"north": {"uv": [12, 14, 8, 16], "rotation": 180, "texture": "#17"},
				"east": {"uv": [9, 16, 7, 12], "rotation": 90, "texture": "#17"},
				"south": {"uv": [12, 11, 8, 13], "texture": "#17"},
				"west": {"uv": [11, 12, 13, 16], "rotation": 90, "texture": "#17"},
				"up": {"uv": [8, 12, 12, 16], "rotation": 180, "texture": "#17"},
				"down": {"uv": [8, 12, 12, 16], "rotation": 90, "texture": "#17"}
			}
		},
		{
			"from": [11, 0, 4.34315],
			"to": [14, 1, 7.34315],
			"rotation": {"angle": -22.5, "axis": "y", "origin": [12.5, 0.5, 2.84315]},
			"faces": {
				"north": {"uv": [11, 13, 8, 14], "texture": "#17"},
				"east": {"uv": [8, 15, 11, 16], "rotation": 180, "texture": "#17"},
				"south": {"uv": [11, 15, 8, 16], "rotation": 180, "texture": "#17"},
				"west": {"uv": [8, 13, 11, 14], "texture": "#17"},
				"up": {"uv": [8, 13, 11, 16], "texture": "#17"},
				"down": {"uv": [8, 13, 11, 16], "texture": "#17"}
			}
		}
	]
}