{"credit":"Made with Blockbench","texture_size":[64,64],"textures":{"3":"furnituresplus:furnituresplus/summer_paint"},"elements":[{"from":[0,0,0],"to":[16,1,2],"faces":{"north":{"uv":[4.5,7.5,8.5,7.75],"texture":"#3"},"east":{"uv":[7.75,0.5,8.25,0.75],"texture":"#3"},"south":{"uv":[4.5,7.5,8.5,7.75],"texture":"#3"},"west":{"uv":[7.75,0.5,8.25,0.75],"texture":"#3"},"up":{"uv":[4,8,0,7.5],"texture":"#3"},"down":{"uv":[4,7.5,0,8],"texture":"#3"}}},{"from":[0,31,0],"to":[16,32,2],"faces":{"north":{"uv":[4.5,7.5,8.5,7.75],"texture":"#3"},"east":{"uv":[7.75,0.5,8.25,0.75],"texture":"#3"},"south":{"uv":[4.5,7.5,8.5,7.75],"texture":"#3"},"west":{"uv":[7.75,0.5,8.25,0.75],"texture":"#3"},"up":{"uv":[4,8,0,7.5],"texture":"#3"},"down":{"uv":[4,7.5,0,8],"texture":"#3"}}},{"from":[15,1,0],"to":[16,31,2],"faces":{"north":{"uv":[7.5,0,7.75,7.5],"texture":"#3"},"east":{"uv":[7,0,7.5,7.5],"texture":"#3"},"south":{"uv":[7.5,0,7.75,7.5],"texture":"#3"},"west":{"uv":[7,0,7.5,7.5],"texture":"#3"},"up":{"uv":[8,1.25,7.75,0.75],"texture":"#3"},"down":{"uv":[8,0.75,7.75,1.25],"texture":"#3"}}},{"from":[0,1,0],"to":[1,31,2],"faces":{"north":{"uv":[7.5,0,7.75,7.5],"texture":"#3"},"east":{"uv":[7,0,7.5,7.5],"texture":"#3"},"south":{"uv":[7.5,0,7.75,7.5],"texture":"#3"},"west":{"uv":[7,0,7.5,7.5],"texture":"#3"},"up":{"uv":[8,1.25,7.75,0.75],"texture":"#3"},"down":{"uv":[8,0.75,7.75,1.25],"texture":"#3"}}},{"from":[1,1,0],"to":[15,31,1.2],"faces":{"north":{"uv":[0,0,3.5,7.5],"texture":"#3"},"east":{"uv":[4,7.5,4.25,15],"texture":"#3"},"south":{"uv":[3.5,0,7,7.5],"texture":"#3"},"west":{"uv":[4.25,7.5,4.5,15],"texture":"#3"},"up":{"uv":[11.25,0.25,7.75,0],"texture":"#3"},"down":{"uv":[11.25,0.25,7.75,0.5],"texture":"#3"}}}],"gui_light":"front","display":{"thirdperson_righthand":{"translation":[0,2.25,1.75],"scale":[0.26172,0.26172,0.26172]},"thirdperson_lefthand":{"translation":[0,2.5,2.25],"scale":[0.375,0.375,0.375]},"firstperson_righthand":{"rotation":[0,-4.25,0],"translation":[4,1.75,0],"scale":[0.4,0.4,0.4]},"firstperson_lefthand":{"rotation":[0,-4.25,0],"translation":[4,1.75,0],"scale":[0.4,0.4,0.4]},"ground":{"translation":[0,2,0],"scale":[0.5,0.5,0.5]},"gui":{"translation":[0.25,-3.5,0],"scale":[0.4668,0.4668,0.4668]},"head":{"translation":[0,-30.4,0],"scale":[1.6,1.6,1.6]},"fixed":{"rotation":[-90,180,0],"translation":[0,0,-16],"scale":[2,2,2]}}}