{
	"credit": "Made with Blockbench",
	"textures": {
		"2": "furnituresplus:furnituresplus/junglechisela",
		"3": "furnituresplus:furnituresplus/cyanfabric",
		"particle": "furnituresplus:furnituresplus/cyan_wool"
	},
	"elements": [
		{
			"from": [4, 15, 4],
			"to": [12, 16, 12],
			"faces": {
				"north": {"uv": [0, 0, 8, 1], "texture": "#2"},
				"east": {"uv": [0, 0, 8, 1], "texture": "#2"},
				"south": {"uv": [0, 0, 8, 1], "texture": "#2"},
				"west": {"uv": [0, 0, 8, 1], "texture": "#2"},
				"up": {"uv": [8, 6, 16, 14], "texture": "#2"},
				"down": {"uv": [2, 4, 10, 12], "texture": "#2"}
			}
		},
		{
			"from": [7, 2, 7],
			"to": [9, 6, 9],
			"faces": {
				"north": {"uv": [8, 9, 9, 10], "texture": "#3"},
				"east": {"uv": [8, 9, 9, 10], "texture": "#3"},
				"south": {"uv": [8, 9, 9, 10], "texture": "#3"},
				"west": {"uv": [8, 9, 9, 10], "texture": "#3"},
				"up": {"uv": [8, 9, 9, 10], "texture": "#3"},
				"down": {"uv": [8, 9, 9, 10], "texture": "#3"}
			}
		},
		{
			"from": [7, 12, 7],
			"to": [9, 13, 9],
			"faces": {
				"north": {"uv": [0, 0, 2, 1], "texture": "#2"},
				"east": {"uv": [0, 0, 2, 1], "texture": "#2"},
				"south": {"uv": [0, 0, 2, 1], "texture": "#2"},
				"west": {"uv": [0, 0, 2, 1], "texture": "#2"},
				"up": {"uv": [0, 0, 2, 2], "texture": "#2"},
				"down": {"uv": [0, 0, 2, 2], "texture": "#2"}
			}
		},
		{
			"from": [7.8, 6, 4],
			"to": [8.2, 7, 12],
			"faces": {
				"north": {"uv": [0, 0, 0.4, 1], "texture": "#2"},
				"east": {"uv": [0, 0, 8, 1], "texture": "#2"},
				"south": {"uv": [0, 0, 0.4, 1], "texture": "#2"},
				"west": {"uv": [0, 0, 8, 1], "texture": "#2"},
				"up": {"uv": [0, 0, 0.4, 8], "texture": "#2"},
				"down": {"uv": [0, 0, 0.4, 8], "texture": "#2"}
			}
		},
		{
			"from": [4, 6, 7.8],
			"to": [12, 7, 8.2],
			"faces": {
				"north": {"uv": [0, 0, 8, 1], "texture": "#2"},
				"east": {"uv": [0, 0, 0.4, 1], "texture": "#2"},
				"south": {"uv": [0, 0, 8, 1], "texture": "#2"},
				"west": {"uv": [0, 0, 0.4, 1], "texture": "#2"},
				"up": {"uv": [0, 0, 0.4, 8], "rotation": 270, "texture": "#2"},
				"down": {"uv": [0, 0, 0.4, 8], "rotation": 90, "texture": "#2"}
			}
		},
		{
			"from": [7.4, 7, 7.4],
			"to": [8.6, 15, 8.6],
			"faces": {
				"north": {"uv": [2, 0, 3.2, 16], "texture": "#2"},
				"east": {"uv": [2, 0, 3.2, 16], "texture": "#2"},
				"south": {"uv": [2, 0, 3.2, 16], "texture": "#2"},
				"west": {"uv": [2, 0, 3.2, 16], "texture": "#2"},
				"up": {"uv": [0, 0, 1.2, 1.2], "texture": "#2"},
				"down": {"uv": [0, 0, 1.2, 1.2], "texture": "#2"}
			}
		},
		{
			"from": [4, 0, 12],
			"to": [12, 8, 13],
			"faces": {
				"north": {"uv": [0, 0, 16, 16], "texture": "#3"},
				"east": {"uv": [0, 0, 1, 7], "texture": "#3"},
				"south": {"uv": [0, 0, 16, 16], "texture": "#3"},
				"west": {"uv": [0, 0, 1, 7], "texture": "#3"},
				"up": {"uv": [0, 0, 8, 1], "texture": "#3"},
				"down": {"uv": [0, 0, 8, 1], "texture": "#3"}
			}
		},
		{
			"from": [4, 0, 3],
			"to": [12, 8, 4],
			"faces": {
				"north": {"uv": [0, 0, 16, 16], "texture": "#3"},
				"east": {"uv": [0, 0, 1, 7], "texture": "#3"},
				"south": {"uv": [0, 0, 16, 16], "texture": "#3"},
				"west": {"uv": [0, 0, 1, 7], "texture": "#3"},
				"up": {"uv": [0, 0, 8, 1], "texture": "#3"},
				"down": {"uv": [0, 0, 8, 1], "texture": "#3"}
			}
		},
		{
			"from": [3, 0, 4],
			"to": [4, 8, 12],
			"faces": {
				"north": {"uv": [0, 0, 1, 7], "texture": "#3"},
				"east": {"uv": [0, 0, 16, 16], "texture": "#3"},
				"south": {"uv": [0, 0, 1, 7], "texture": "#3"},
				"west": {"uv": [0, 0, 16, 16], "texture": "#3"},
				"up": {"uv": [0, 0, 8, 1], "rotation": 270, "texture": "#3"},
				"down": {"uv": [0, 0, 8, 1], "rotation": 90, "texture": "#3"}
			}
		},
		{
			"from": [12, 0, 4],
			"to": [13, 8, 12],
			"faces": {
				"north": {"uv": [0, 0, 1, 7], "texture": "#3"},
				"east": {"uv": [0, 0, 16, 16], "texture": "#3"},
				"south": {"uv": [0, 0, 1, 7], "texture": "#3"},
				"west": {"uv": [0, 0, 16, 16], "texture": "#3"},
				"up": {"uv": [0, 0, 8, 1], "rotation": 270, "texture": "#3"},
				"down": {"uv": [0, 0, 8, 1], "rotation": 90, "texture": "#3"}
			}
		}
	],
	"display": {
		"thirdperson_righthand": {
			"rotation": [55.75, 45, 0],
			"translation": [0, 0.25, 0.5],
			"scale": [0.26172, 0.26172, 0.26172]
		},
		"thirdperson_lefthand": {
			"rotation": [75, 45, 0],
			"translation": [0, 2.5, 0],
			"scale": [0.375, 0.375, 0.375]
		},
		"firstperson_righthand": {
			"rotation": [0, 45, 0],
			"scale": [0.4, 0.4, 0.4]
		},
		"firstperson_lefthand": {
			"rotation": [0, 45, 0],
			"scale": [0.4, 0.4, 0.4]
		},
		"ground": {
			"translation": [0, 2, 0],
			"scale": [0.5, 0.5, 0.5]
		},
		"gui": {
			"rotation": [30, 45, 0],
			"translation": [0, -3.1, 0],
			"scale": [0.4375, 0.4375, 0.4375]
		},
		"head": {
			"translation": [0, -30.4, 0],
			"scale": [1.6, 1.6, 1.6]
		},
		"fixed": {
			"rotation": [90, 0, 0],
			"translation": [0, 0, -16],
			"scale": [2.01, 2.01, 2.01]
		}
	}
}