{
	"credit": "Made with Blockbench",
	"textures": {
		"11": "world_additions:gold_ore",
		"particle": "world_additions:gold_ore"
	},
	"elements": [
		{
			"from": [4, 0, 2],
			"to": [8, 2, 6],
			"rotation": {"angle": 0, "axis": "y", "origin": [13.5, 1.5, 9.5]},
			"faces": {
				"north": {"uv": [12, 14, 8, 16], "rotation": 180, "texture": "#11"},
				"east": {"uv": [9, 16, 7, 12], "rotation": 90, "texture": "#11"},
				"south": {"uv": [12, 13, 8, 11], "texture": "#11"},
				"west": {"uv": [11, 12, 13, 16], "rotation": 90, "texture": "#11"},
				"up": {"uv": [8, 12, 12, 16], "rotation": 180, "texture": "#11"},
				"down": {"uv": [8, 12, 12, 16], "rotation": 90, "texture": "#11"}
			}
		},
		{
			"from": [2.5004, 0, 12.0459],
			"to": [4.5004, 1, 14.0459],
			"rotation": {"angle": -22.5, "axis": "y", "origin": [3.5004, 0.5, 13.0459]},
			"faces": {
				"north": {"uv": [11, 2, 12, 4], "rotation": 90, "texture": "#11"},
				"east": {"uv": [12, 4, 10, 3], "rotation": 180, "texture": "#11"},
				"south": {"uv": [10, 2, 11, 4], "rotation": 270, "texture": "#11"},
				"west": {"uv": [10, 2, 12, 3], "rotation": 180, "texture": "#11"},
				"up": {"uv": [10, 2, 12, 4], "rotation": 270, "texture": "#11"},
				"down": {"uv": [10, 2, 12, 4], "rotation": 90, "texture": "#11"}
			}
		},
		{
			"from": [9.09705, 0, 11.96462],
			"to": [12.09705, 1, 14.96462],
			"rotation": {"angle": -22.5, "axis": "y", "origin": [10.59705, 0.5, 13.46462]},
			"faces": {
				"north": {"uv": [11, 13, 8, 14], "texture": "#11"},
				"east": {"uv": [8, 15, 11, 16], "rotation": 180, "texture": "#11"},
				"south": {"uv": [11, 15, 8, 16], "rotation": 180, "texture": "#11"},
				"west": {"uv": [8, 13, 9, 16], "rotation": 90, "texture": "#11"},
				"up": {"uv": [8, 13, 11, 16], "texture": "#11"},
				"down": {"uv": [8, 13, 11, 16], "texture": "#11"}
			}
		},
		{
			"from": [0.48392, 0, 7.04702],
			"to": [3.48392, 1, 10.04702],
			"rotation": {"angle": 0, "axis": "y", "origin": [1.98392, 0.5, 8.54702]},
			"faces": {
				"north": {"uv": [10, 10, 13, 11], "texture": "#11"},
				"east": {"uv": [13, 10, 10, 11], "texture": "#11"},
				"south": {"uv": [10, 12, 13, 13], "rotation": 180, "texture": "#11"},
				"west": {"uv": [13, 12, 10, 13], "rotation": 180, "texture": "#11"},
				"up": {"uv": [10, 10, 13, 13], "rotation": 90, "texture": "#11"},
				"down": {"uv": [10, 10, 13, 13], "rotation": 270, "texture": "#11"}
			}
		},
		{
			"from": [9, 0, 3],
			"to": [16, 3, 10],
			"rotation": {"angle": 22.5, "axis": "y", "origin": [11.5, 1.5, 4.5]},
			"faces": {
				"north": {"uv": [11, 13, 4, 10], "rotation": 180, "texture": "#11"},
				"east": {"uv": [5, 11, 2, 4], "rotation": 90, "texture": "#11"},
				"south": {"uv": [4, 2, 11, 5], "rotation": 180, "texture": "#11"},
				"west": {"uv": [10, 4, 13, 11], "rotation": 90, "texture": "#11"},
				"up": {"uv": [4, 4, 11, 11], "rotation": 180, "texture": "#11"},
				"down": {"uv": [4, 4, 11, 11], "texture": "#11"}
			}
		}
	]
}