{"credit":"Made with Blockbench","textures":{"1":"furnituresplus:furnituresplus/chiseled_quartz_block","2":"furnituresplus:furnituresplus/cherry_planks","3":"furnituresplus:furnituresplus/cherry_fabric","particle":"furnituresplus:furnituresplus/chiseled_quartz_block"},"elements":[{"from":[0.01,3.01,3.01],"to":[14.99,8.99,12.99],"rotation":{"angle":0,"axis":"y","origin":[16,0,16]},"faces":{"north":{"uv":[0,0,14.98,5.98],"texture":"#1"},"east":{"uv":[0,0,9.98,5.98],"texture":"#1"},"south":{"uv":[0,0,14.98,5.98],"texture":"#1"},"west":{"uv":[0,0,9.98,5.98],"texture":"#1"},"up":{"uv":[14.98,9.98,0,0],"texture":"#1"},"down":{"uv":[14.98,9.98,0,0],"texture":"#1"}}},{"from":[0,2,3],"to":[15,4,13],"rotation":{"angle":0,"axis":"y","origin":[16,0,16]},"faces":{"north":{"uv":[1,2,16,4],"texture":"#2"},"east":{"uv":[0,0,10,2],"texture":"#2"},"south":{"uv":[0,0,15,2],"texture":"#2"},"west":{"uv":[1,2,11,4],"texture":"#2"},"up":{"uv":[15,10,0,0],"texture":"#2"},"down":{"uv":[16,11,1,1],"texture":"#2"}}},{"from":[12,9,3],"to":[15,16,13],"rotation":{"angle":0,"axis":"y","origin":[16,0,16]},"faces":{"north":{"uv":[0,0,3,7],"texture":"#1"},"east":{"uv":[0,0,10,7],"texture":"#1"},"south":{"uv":[0,0,3,7],"texture":"#1"},"west":{"uv":[0,0,10,7],"texture":"#1"},"up":{"uv":[10,3,0,0],"rotation":270,"texture":"#1"},"down":{"uv":[10,3,0,0],"rotation":90,"texture":"#1"}}},{"from":[0,6,14],"to":[16.6,7,16],"rotation":{"angle":22.5,"axis":"z","origin":[8.5,6.5,15.5]},"faces":{"north":{"uv":[0,0.5,16,1.5],"texture":"#2"},"east":{"uv":[9,0,11,1],"texture":"#2"},"south":{"uv":[0,0.5,16,1.5],"texture":"#2"},"west":{"uv":[12.5,0.5,14.5,1.5],"texture":"#2"},"up":{"uv":[16,2.5,0,0.5],"texture":"#2"},"down":{"uv":[16,2.5,0,0.5],"texture":"#2"}}},{"from":[0,6,13],"to":[16.5,7,14],"rotation":{"angle":-22.5,"axis":"z","origin":[8.5,6.5,14.5]},"faces":{"north":{"uv":[0,0.5,16,1.5],"texture":"#2"},"east":{"uv":[9,0,10,1],"texture":"#2"},"south":{"uv":[0,0.5,16,1.5],"texture":"#2"},"west":{"uv":[12.5,0.5,13.5,1.5],"texture":"#2"},"up":{"uv":[16,1.5,0,0.5],"texture":"#2"},"down":{"uv":[16,1.5,0,0.5],"texture":"#2"}}},{"from":[15,6,0],"to":[16,7,16.3],"rotation":{"angle":22.5,"axis":"x","origin":[15.5,6.5,8.5]},"faces":{"north":{"uv":[9,0,10,1],"texture":"#2"},"east":{"uv":[0,0.5,16,1.5],"texture":"#2"},"south":{"uv":[12.5,0.5,13.5,1.5],"texture":"#2"},"west":{"uv":[0,0.5,16,1.5],"texture":"#2"},"up":{"uv":[0,0.5,16,1.5],"rotation":90,"texture":"#2"},"down":{"uv":[0,0.5,16,1.5],"rotation":270,"texture":"#2"}}},{"from":[15,6,0],"to":[16,7,16.7],"rotation":{"angle":-22.5,"axis":"x","origin":[15.5,6.5,8.5]},"faces":{"north":{"uv":[9,0,10,1],"texture":"#2"},"east":{"uv":[0,0.5,16,1.5],"texture":"#2"},"south":{"uv":[12.5,0.5,13.5,1.5],"texture":"#2"},"west":{"uv":[0,0.5,16,1.5],"texture":"#2"},"up":{"uv":[0,0.5,16,1.5],"rotation":90,"texture":"#2"},"down":{"uv":[0,0.5,16,1.5],"rotation":270,"texture":"#2"}}},{"from":[1,2,15],"to":[16,4,16],"rotation":{"angle":0,"axis":"y","origin":[16,0,16]},"faces":{"north":{"uv":[1,0.5,16,2.5],"texture":"#2"},"east":{"uv":[9,0,10,2],"texture":"#2"},"south":{"uv":[1,0.5,16,2.5],"texture":"#2"},"west":{"uv":[12.5,0.5,13.5,2.5],"texture":"#2"},"up":{"uv":[16,1.5,1,0.5],"texture":"#2"},"down":{"uv":[16,1.5,1,0.5],"texture":"#2"}}},{"from":[1,2,0],"to":[16,4,1],"rotation":{"angle":0,"axis":"y","origin":[16,0,0]},"faces":{"north":{"uv":[16,0.5,1,2.5],"texture":"#2"},"east":{"uv":[10,0,9,2],"texture":"#2"},"south":{"uv":[16,0.5,1,2.5],"texture":"#2"},"west":{"uv":[13.5,0.5,12.5,2.5],"texture":"#2"},"up":{"uv":[16,0.5,1,1.5],"texture":"#2"},"down":{"uv":[16,0.5,1,1.5],"texture":"#2"}}},{"from":[15,2,1],"to":[16,4,15],"rotation":{"angle":0,"axis":"y","origin":[16,0,16]},"faces":{"north":{"uv":[12.5,0.5,13.5,2.5],"texture":"#2"},"east":{"uv":[2,0.5,16,2.5],"texture":"#2"},"south":{"uv":[9,0,10,2],"texture":"#2"},"west":{"uv":[2,0.5,16,2.5],"texture":"#2"},"up":{"uv":[2,0.5,16,1.5],"rotation":270,"texture":"#2"},"down":{"uv":[2,0.5,16,1.5],"rotation":90,"texture":"#2"}}},{"from":[15,10,3],"to":[16,13,13],"rotation":{"angle":0,"axis":"y","origin":[16,0,16]},"faces":{"north":{"uv":[0,3,1,6],"texture":"#2"},"east":{"uv":[0,3,10,6],"texture":"#2"},"south":{"uv":[0,3,1,6],"texture":"#2"},"west":{"uv":[0,3,10,6],"texture":"#2"},"up":{"uv":[1,11,0,1],"texture":"#2"},"down":{"uv":[1,11,0,1],"texture":"#2"}}},{"from":[0,10,13],"to":[16,13,16],"rotation":{"angle":0,"axis":"y","origin":[16,0,16]},"faces":{"north":{"uv":[0,3,16,6],"texture":"#2"},"east":{"uv":[0,3,3,6],"texture":"#2"},"south":{"uv":[0,3,16,6],"texture":"#2"},"west":{"uv":[0,3,3,6],"texture":"#2"},"up":{"uv":[16,6,0,3],"texture":"#2"},"down":{"uv":[16,6,0,3],"texture":"#2"}}},{"from":[0,10,0],"to":[16,13,3],"rotation":{"angle":0,"axis":"y","origin":[16,0,0]},"faces":{"north":{"uv":[16,3,0,6],"texture":"#2"},"east":{"uv":[3,3,0,6],"texture":"#2"},"south":{"uv":[16,3,0,6],"texture":"#2"},"west":{"uv":[3,3,0,6],"texture":"#2"},"up":{"uv":[16,3,0,6],"texture":"#2"},"down":{"uv":[16,3,0,6],"texture":"#2"}}},{"from":[0,6,0],"to":[16.6,7,2],"rotation":{"angle":22.5,"axis":"z","origin":[8.5,6.5,0.5]},"faces":{"north":{"uv":[16,0.5,0,1.5],"texture":"#2"},"east":{"uv":[11,0,9,1],"texture":"#2"},"south":{"uv":[16,0.5,0,1.5],"texture":"#2"},"west":{"uv":[14.5,0.5,12.5,1.5],"texture":"#2"},"up":{"uv":[16,0.5,0,2.5],"texture":"#2"},"down":{"uv":[16,0.5,0,2.5],"texture":"#2"}}},{"from":[0,6,2],"to":[16.5,7,3],"rotation":{"angle":-22.5,"axis":"z","origin":[8.5,6.5,1.5]},"faces":{"north":{"uv":[16,0.5,0,1.5],"texture":"#2"},"east":{"uv":[10,0,9,1],"texture":"#2"},"south":{"uv":[16,0.5,0,1.5],"texture":"#2"},"west":{"uv":[13.5,0.5,12.5,1.5],"texture":"#2"},"up":{"uv":[16,0.5,0,1.5],"texture":"#2"},"down":{"uv":[16,0.5,0,1.5],"texture":"#2"}}},{"from":[0,2,13],"to":[1,10,16],"rotation":{"angle":0,"axis":"y","origin":[16,0,16]},"faces":{"north":{"uv":[1,0,0,8],"texture":"#2"},"east":{"uv":[13,0,16,8],"texture":"#2"},"south":{"uv":[15,0,16,8],"texture":"#2"},"west":{"uv":[12,0,15,8],"texture":"#2"},"up":{"uv":[3,1,0,0],"rotation":270,"texture":"#2"},"down":{"uv":[16,1,13,0],"rotation":90,"texture":"#2"}}},{"from":[0,2,0],"to":[1,10,3],"rotation":{"angle":0,"axis":"y","origin":[16,0,3]},"faces":{"north":{"uv":[1,0,0,8],"texture":"#2"},"east":{"uv":[13,0,16,8],"texture":"#2"},"south":{"uv":[15,0,16,8],"texture":"#2"},"west":{"uv":[12,0,15,8],"texture":"#2"},"up":{"uv":[3,1,0,0],"rotation":270,"texture":"#2"},"down":{"uv":[16,1,13,0],"rotation":90,"texture":"#2"}}},{"from":[4.2,5,4.2],"to":[7.1,12.8,12.1],"rotation":{"angle":-22.5,"axis":"z","origin":[16,0,19]},"faces":{"north":{"uv":[4,3,6.9,10.8],"texture":"#3"},"east":{"uv":[4,3,11.9,10.8],"texture":"#3"},"south":{"uv":[4,3,6.9,10.8],"texture":"#3"},"west":{"uv":[4,3,11.9,10.8],"texture":"#3"},"up":{"uv":[6.9,10.9,4,3],"texture":"#3"},"down":{"uv":[6.9,10.9,4,3],"texture":"#3"}}},{"from":[1,0,12],"to":[2,2,14],"rotation":{"angle":0,"axis":"y","origin":[16,0,16]},"faces":{"north":{"uv":[0,0,1,2],"texture":"#2"},"east":{"uv":[11.5,1.5,13.5,3.5],"texture":"#2"},"south":{"uv":[13.5,3,14.5,5],"texture":"#2"},"west":{"uv":[12.5,2,14.5,4],"texture":"#2"},"up":{"uv":[1,2,0,0],"texture":"#2"},"down":{"uv":[12.5,4,11.5,2],"texture":"#2"}}},{"from":[1,0,2],"to":[2,2,4],"rotation":{"angle":0,"axis":"y","origin":[16,0,0]},"faces":{"north":{"uv":[14.5,3,13.5,5],"texture":"#2"},"east":{"uv":[13.5,1.5,11.5,3.5],"texture":"#2"},"south":{"uv":[1,0,0,2],"texture":"#2"},"west":{"uv":[14.5,2,12.5,4],"texture":"#2"},"up":{"uv":[1,0,0,2],"texture":"#2"},"down":{"uv":[12.5,2,11.5,4],"texture":"#2"}}},{"from":[14,0,1],"to":[15,2,3],"rotation":{"angle":0,"axis":"y","origin":[16,0,16]},"faces":{"north":{"uv":[10.5,2,11.5,4],"texture":"#2"},"east":{"uv":[12,1.5,14,3.5],"texture":"#2"},"south":{"uv":[12.5,1.5,13.5,3.5],"texture":"#2"},"west":{"uv":[13,2,15,4],"texture":"#2"},"up":{"uv":[1,2,0,0],"texture":"#2"},"down":{"uv":[11.5,3.5,10.5,1.5],"texture":"#2"}}},{"from":[13,0,13],"to":[15,2,15],"rotation":{"angle":0,"axis":"y","origin":[16,0,16]},"faces":{"north":{"uv":[10,0.5,12,2.5],"texture":"#2"},"east":{"uv":[10.5,2,12.5,4],"texture":"#2"},"south":{"uv":[12.5,2,14.5,4],"texture":"#2"},"west":{"uv":[12,1,14,3],"texture":"#2"},"up":{"uv":[13.5,3.5,11.5,1.5],"texture":"#2"},"down":{"uv":[13,4.5,11,2.5],"texture":"#2"}}}],"display":{"thirdperson_righthand":{"rotation":[75,45,0],"translation":[0,2.5,0],"scale":[0.375,0.375,0.375]},"thirdperson_lefthand":{"rotation":[75,45,0],"translation":[0,2.5,0],"scale":[0.375,0.375,0.375]},"firstperson_righthand":{"rotation":[0,45,0],"scale":[0.4,0.4,0.4]},"firstperson_lefthand":{"rotation":[0,45,0],"scale":[0.4,0.4,0.4]},"ground":{"translation":[0,2,0],"scale":[0.5,0.5,0.5]},"gui":{"rotation":[30,45,0],"translation":[0,-0.6,0],"scale":[0.5,0.5,0.5]},"head":{"rotation":[-180,90,-180],"translation":[0,-30.4,0],"scale":[1.6,1.6,1.6]},"fixed":{"rotation":[-90,180,0],"translation":[0,0,-16],"scale":[2,2,2]}}}