{"credit":"Made with Blockbench","textures":{"3":"furnituresplus:furnituresplus/amethyst_block","4":"furnituresplus:furnituresplus/quartz_pillar","5":"furnituresplus:furnituresplus/chiseled_quartz_block_top","particle":"furnituresplus:furnituresplus/amethystefabric"},"elements":[{"from":[0,15,0],"to":[16,16,16],"rotation":{"angle":0,"axis":"y","origin":[16,4,0]},"faces":{"north":{"uv":[16,2,8,3],"texture":"#5"},"east":{"uv":[16,2,8,3],"texture":"#5"},"south":{"uv":[16,2,8,3],"texture":"#5"},"west":{"uv":[16,2,8,3],"texture":"#5"},"up":{"uv":[16,0,0,16],"texture":"#5"},"down":{"uv":[16,8,8,16],"texture":"#5"}}},{"from":[-16,15,0],"to":[0,16,16],"rotation":{"angle":0,"axis":"y","origin":[0,4,0]},"faces":{"north":{"uv":[16,2,8,3],"texture":"#5"},"east":{"uv":[16,2,8,3],"texture":"#5"},"south":{"uv":[16,2,8,3],"texture":"#5"},"west":{"uv":[16,2,8,3],"texture":"#5"},"up":{"uv":[16,0,0,16],"texture":"#5"},"down":{"uv":[16,8,8,16],"texture":"#5"}}},{"from":[0,6,0],"to":[16,7,16],"rotation":{"angle":0,"axis":"y","origin":[16,4,0]},"faces":{"north":{"uv":[16,2,8,3],"texture":"#5"},"east":{"uv":[16,2,8,3],"texture":"#5"},"south":{"uv":[16,2,8,3],"texture":"#5"},"west":{"uv":[16,2,8,3],"texture":"#5"},"up":{"uv":[16,0,0,16],"texture":"#5"},"down":{"uv":[16,8,8,16],"texture":"#5"}}},{"from":[-16,6,0],"to":[0,7,16],"rotation":{"angle":0,"axis":"y","origin":[0,4,0]},"faces":{"north":{"uv":[16,2,8,3],"texture":"#5"},"east":{"uv":[16,2,8,3],"texture":"#5"},"south":{"uv":[16,2,8,3],"texture":"#5"},"west":{"uv":[16,2,8,3],"texture":"#5"},"up":{"uv":[16,0,0,16],"texture":"#5"},"down":{"uv":[16,8,8,16],"texture":"#5"}}},{"from":[16,15,0],"to":[32,16,16],"rotation":{"angle":0,"axis":"y","origin":[32,4,0]},"faces":{"north":{"uv":[16,2,8,3],"texture":"#5"},"east":{"uv":[16,2,8,3],"texture":"#5"},"south":{"uv":[16,2,8,3],"texture":"#5"},"west":{"uv":[16,2,8,3],"texture":"#5"},"up":{"uv":[16,0,0,16],"texture":"#5"},"down":{"uv":[16,8,8,16],"texture":"#5"}}},{"from":[16,6,0],"to":[32,7,16],"rotation":{"angle":0,"axis":"y","origin":[32,4,0]},"faces":{"north":{"uv":[16,2,8,3],"texture":"#5"},"east":{"uv":[16,2,8,3],"texture":"#5"},"south":{"uv":[16,2,8,3],"texture":"#5"},"west":{"uv":[16,2,8,3],"texture":"#5"},"up":{"uv":[16,0,0,16],"texture":"#5"},"down":{"uv":[16,8,8,16],"texture":"#5"}}},{"from":[-0.5,7,0],"to":[0.5,15,16],"faces":{"north":{"uv":[0,0,1,8],"texture":"#4"},"east":{"uv":[0,0,16,8],"texture":"#4"},"south":{"uv":[0,0,1,8],"texture":"#4"},"west":{"uv":[0,0,16,8],"texture":"#4"},"up":{"uv":[0,0,1,16],"texture":"#4"},"down":{"uv":[0,0,1,16],"texture":"#4"}}},{"from":[7.5,7,0],"to":[8.5,15,16],"faces":{"north":{"uv":[0,0,1,8],"texture":"#4"},"east":{"uv":[0,0,16,8],"texture":"#4"},"south":{"uv":[0,0,1,8],"texture":"#4"},"west":{"uv":[0,0,16,8],"texture":"#4"},"up":{"uv":[0,0,1,16],"texture":"#4"},"down":{"uv":[0,0,1,16],"texture":"#4"}}},{"from":[-8.3,7,0],"to":[-7.3,15,16],"faces":{"north":{"uv":[0,0,1,8],"texture":"#4"},"east":{"uv":[0,0,16,8],"texture":"#4"},"south":{"uv":[0,0,1,8],"texture":"#4"},"west":{"uv":[0,0,16,8],"texture":"#4"},"up":{"uv":[0,0,1,16],"texture":"#4"},"down":{"uv":[0,0,1,16],"texture":"#4"}}},{"from":[-16,7,0],"to":[-15,15,16],"faces":{"north":{"uv":[0,0,1,8],"texture":"#4"},"east":{"uv":[0,0,16,8],"texture":"#4"},"south":{"uv":[0,0,1,8],"texture":"#4"},"west":{"uv":[0,0,16,8],"texture":"#4"},"up":{"uv":[0,0,1,16],"texture":"#4"},"down":{"uv":[0,0,1,16],"texture":"#4"}}},{"from":[15.5,7,0],"to":[16.5,15,16],"faces":{"north":{"uv":[0,0,1,8],"texture":"#4"},"east":{"uv":[0,0,16,8],"texture":"#4"},"south":{"uv":[0,0,1,8],"texture":"#4"},"west":{"uv":[0,0,16,8],"texture":"#4"},"up":{"uv":[0,0,1,16],"texture":"#4"},"down":{"uv":[0,0,1,16],"texture":"#4"}}},{"from":[31,7,0],"to":[32,15,16],"faces":{"north":{"uv":[0,0,1,8],"texture":"#4"},"east":{"uv":[0,0,16,8],"texture":"#4"},"south":{"uv":[0,0,1,8],"texture":"#4"},"west":{"uv":[0,0,16,8],"texture":"#4"},"up":{"uv":[0,0,1,16],"texture":"#4"},"down":{"uv":[0,0,1,16],"texture":"#4"}}},{"from":[24.9,7,0],"to":[30.9,15,15.3],"faces":{"north":{"uv":[0,0,6,8],"texture":"#4"},"east":{"uv":[0,0,15.3,8],"texture":"#4"},"south":{"uv":[7,3,13,11],"texture":"#3"},"west":{"uv":[0,0,15.3,8],"texture":"#4"},"up":{"uv":[0,0,6,15.3],"texture":"#4"},"down":{"uv":[0,0,6,15.3],"texture":"#4"}}},{"from":[8.7,7,0],"to":[15.2,15,15.3],"faces":{"north":{"uv":[0,0,6,8],"texture":"#4"},"east":{"uv":[0,0,15.3,8],"texture":"#4"},"south":{"uv":[6,2,12.5,10],"texture":"#3"},"west":{"uv":[0,0,15.3,8],"texture":"#4"},"up":{"uv":[0,0,6,15.3],"texture":"#4"},"down":{"uv":[0,0,6,15.3],"texture":"#4"}}},{"from":[11,9.9,15],"to":[12.9,11.9,16],"faces":{"north":{"uv":[0,0,1.9,2],"texture":"#4"},"east":{"uv":[0,0,1,2],"texture":"#4"},"south":{"uv":[0,0,1.9,2],"texture":"#4"},"west":{"uv":[0,0,1,2],"texture":"#4"},"up":{"uv":[0,0,1.9,1],"texture":"#4"},"down":{"uv":[0,0,1.9,1],"texture":"#4"}}},{"from":[3.4,9.9,15],"to":[5.3,11.9,16],"faces":{"north":{"uv":[0,0,1.9,2],"texture":"#4"},"east":{"uv":[0,0,1,2],"texture":"#4"},"south":{"uv":[0,0,1.9,2],"texture":"#4"},"west":{"uv":[0,0,1,2],"texture":"#4"},"up":{"uv":[0,0,1.9,1],"texture":"#4"},"down":{"uv":[0,0,1.9,1],"texture":"#4"}}},{"from":[-12.9,9.9,15],"to":[-11,11.9,16],"faces":{"north":{"uv":[0,0,1.9,2],"texture":"#4"},"east":{"uv":[0,0,1,2],"texture":"#4"},"south":{"uv":[0,0,1.9,2],"texture":"#4"},"west":{"uv":[0,0,1,2],"texture":"#4"},"up":{"uv":[0,0,1.9,1],"texture":"#4"},"down":{"uv":[0,0,1.9,1],"texture":"#4"}}},{"from":[27.1,9.9,15],"to":[29,11.9,16],"faces":{"north":{"uv":[0,0,1.9,2],"texture":"#4"},"east":{"uv":[0,0,1,2],"texture":"#4"},"south":{"uv":[0,0,1.9,2],"texture":"#4"},"west":{"uv":[0,0,1,2],"texture":"#4"},"up":{"uv":[0,0,1.9,1],"texture":"#4"},"down":{"uv":[0,0,1.9,1],"texture":"#4"}}},{"from":[0.9,7,0],"to":[7.4,15,15.3],"faces":{"north":{"uv":[0,0,6,8],"texture":"#4"},"east":{"uv":[0,0,15.3,8],"texture":"#4"},"south":{"uv":[0,0,6.5,8],"texture":"#3"},"west":{"uv":[0,0,15.3,8],"texture":"#4"},"up":{"uv":[0,0,6,15.3],"texture":"#4"},"down":{"uv":[0,0,6,15.3],"texture":"#4"}}},{"from":[-15.1,7,0],"to":[-8.6,15,15.3],"faces":{"north":{"uv":[0,0,6,8],"texture":"#4"},"east":{"uv":[0,0,15.3,8],"texture":"#4"},"south":{"uv":[0,5,6.5,13],"texture":"#3"},"west":{"uv":[0,0,15.3,8],"texture":"#4"},"up":{"uv":[0,0,6,15.3],"texture":"#4"},"down":{"uv":[0,0,6,15.3],"texture":"#4"}}},{"from":[27.4,-11.4,14],"to":[28.4,-4.6,15],"rotation":{"angle":22.5,"axis":"z","origin":[0,0,0]},"faces":{"north":{"uv":[0,0,1,6.8],"texture":"#4"},"east":{"uv":[0,0,1,6.8],"texture":"#4"},"south":{"uv":[0,0,1,6.8],"texture":"#4"},"west":{"uv":[0,0,1,6.8],"texture":"#4"},"up":{"uv":[0,0,1,1],"texture":"#4"},"down":{"uv":[0,0,1,1],"texture":"#4"}}},{"from":[27.4,-11.4,0],"to":[28.4,-4.6,1],"rotation":{"angle":22.5,"axis":"z","origin":[0,0,0]},"faces":{"north":{"uv":[0,0,1,6.8],"texture":"#4"},"east":{"uv":[0,0,1,6.8],"texture":"#4"},"south":{"uv":[0,0,1,6.8],"texture":"#4"},"west":{"uv":[0,0,1,6.8],"texture":"#4"},"up":{"uv":[0,0,1,1],"texture":"#4"},"down":{"uv":[0,0,1,1],"texture":"#4"}}},{"from":[-12.4,-11.4,0],"to":[-11.4,-4.6,1],"rotation":{"angle":-22.5,"axis":"z","origin":[16,0,0]},"faces":{"north":{"uv":[1,0,0,6.8],"texture":"#4"},"east":{"uv":[1,0,0,6.8],"texture":"#4"},"south":{"uv":[1,0,0,6.8],"texture":"#4"},"west":{"uv":[1,0,0,6.8],"texture":"#4"},"up":{"uv":[1,0,0,1],"texture":"#4"},"down":{"uv":[1,0,0,1],"texture":"#4"}}},{"from":[-12.4,-11.4,14],"to":[-11.4,-4.6,15],"rotation":{"angle":-22.5,"axis":"z","origin":[16,0,0]},"faces":{"north":{"uv":[1,0,0,6.8],"texture":"#4"},"east":{"uv":[1,0,0,6.8],"texture":"#4"},"south":{"uv":[1,0,0,6.8],"texture":"#4"},"west":{"uv":[1,0,0,6.8],"texture":"#4"},"up":{"uv":[1,0,0,1],"texture":"#4"},"down":{"uv":[1,0,0,1],"texture":"#4"}}},{"from":[23.7,7,0],"to":[24.7,15,16],"faces":{"north":{"uv":[0,0,1,8],"texture":"#4"},"east":{"uv":[0,0,16,8],"texture":"#4"},"south":{"uv":[0,0,1,8],"texture":"#4"},"west":{"uv":[0,0,16,8],"texture":"#4"},"up":{"uv":[0,0,1,16],"texture":"#4"},"down":{"uv":[0,0,1,16],"texture":"#4"}}}],"display":{"thirdperson_righthand":{"rotation":[75,45,0],"translation":[2.25,2.5,0],"scale":[0.1875,0.1875,0.1875]},"thirdperson_lefthand":{"rotation":[75,45,0],"translation":[0,2.5,0],"scale":[0.375,0.375,0.375]},"firstperson_righthand":{"rotation":[0,45,0],"scale":[0.4,0.4,0.4]},"firstperson_lefthand":{"rotation":[0,45,0],"scale":[0.4,0.4,0.4]},"ground":{"translation":[0,2,0],"scale":[0.5,0.5,0.5]},"gui":{"rotation":[30,45,0],"translation":[0.25,-0.6,0],"scale":[0.34375,0.34375,0.34375]},"head":{"translation":[0,-30.4,0],"scale":[1.6,1.6,1.6]},"fixed":{"rotation":[-90,180,0],"translation":[0,0,-16],"scale":[2.01,2.01,2.01]}}}