{
	"credit": "Made with Blockbench",
	"textures": {
		"7": "world_additions:deepslate_lapis_ore",
		"particle": "world_additions:deepslate_lapis_ore"
	},
	"elements": [
		{
			"from": [7, 0, 6],
			"to": [11, 2, 10],
			"rotation": {"angle": -45, "axis": "y", "origin": [12.5, 1.5, 8.5]},
			"faces": {
				"north": {"uv": [12, 14, 8, 16], "rotation": 180, "texture": "#7"},
				"east": {"uv": [9, 16, 7, 12], "rotation": 90, "texture": "#7"},
				"south": {"uv": [12, 11, 8, 13], "texture": "#7"},
				"west": {"uv": [11, 12, 13, 16], "rotation": 90, "texture": "#7"},
				"up": {"uv": [8, 12, 12, 16], "rotation": 180, "texture": "#7"},
				"down": {"uv": [8, 12, 12, 16], "rotation": 90, "texture": "#7"}
			}
		},
		{
			"from": [0.30761, 0, 9.67157],
			"to": [4.30761, 2, 13.67157],
			"rotation": {"angle": 22.5, "axis": "y", "origin": [3.30761, 1, 5.67157]},
			"faces": {
				"north": {"uv": [7, 10, 9, 14], "rotation": 90, "texture": "#7"},
				"east": {"uv": [8, 15, 4, 13], "rotation": 180, "texture": "#7"},
				"south": {"uv": [3, 10, 5, 14], "rotation": 270, "texture": "#7"},
				"west": {"uv": [4, 9, 8, 11], "rotation": 180, "texture": "#7"},
				"up": {"uv": [4, 10, 8, 14], "rotation": 270, "texture": "#7"},
				"down": {"uv": [4, 10, 8, 14], "rotation": 90, "texture": "#7"}
			}
		},
		{
			"from": [15, 0, 9.34315],
			"to": [18, 1, 12.34315],
			"rotation": {"angle": -22.5, "axis": "y", "origin": [12.5, 0.5, 2.84315]},
			"faces": {
				"north": {"uv": [11, 13, 8, 14], "texture": "#7"},
				"east": {"uv": [8, 15, 11, 16], "rotation": 180, "texture": "#7"},
				"south": {"uv": [11, 15, 8, 16], "rotation": 180, "texture": "#7"},
				"west": {"uv": [8, 13, 11, 14], "texture": "#7"},
				"up": {"uv": [8, 13, 11, 16], "texture": "#7"},
				"down": {"uv": [8, 13, 11, 16], "texture": "#7"}
			}
		},
		{
			"from": [3, 0, 5.34315],
			"to": [6, 1, 8.34315],
			"rotation": {"angle": -22.5, "axis": "y", "origin": [12.5, 0.5, 2.84315]},
			"faces": {
				"north": {"uv": [4, 4, 1, 5], "texture": "#7"},
				"east": {"uv": [1, 6, 4, 7], "rotation": 180, "texture": "#7"},
				"south": {"uv": [4, 6, 1, 7], "rotation": 180, "texture": "#7"},
				"west": {"uv": [1, 4, 4, 5], "texture": "#7"},
				"up": {"uv": [1, 4, 4, 7], "texture": "#7"},
				"down": {"uv": [1, 4, 4, 7], "texture": "#7"}
			}
		}
	]
}