{"credit":"Made with Blockbench","texture_size":[32,32],"textures":{"16":"furnituresplus:furnituresplus/fabric_machine"},"elements":[{"from":[0,0,0],"to":[16,15,16],"faces":{"north":{"uv":[8,0,16,7.5],"texture":"#16"},"east":{"uv":[8,0,16,7.5],"texture":"#16"},"south":{"uv":[8,0,16,7.5],"texture":"#16"},"west":{"uv":[8,0,16,7.5],"texture":"#16"},"up":{"uv":[8,8,0,0],"texture":"#16"},"down":{"uv":[8,0,16,7.5],"texture":"#16"}}},{"from":[0,15,1],"to":[1,16,16],"faces":{"north":{"uv":[9,9,9.5,9.5],"texture":"#16"},"east":{"uv":[8.5,8,16,8.5],"texture":"#16"},"south":{"uv":[9,9,9.5,9.5],"texture":"#16"},"west":{"uv":[8.5,8,16,8.5],"texture":"#16"},"up":{"uv":[9,16,8.5,8.5],"texture":"#16"},"down":{"uv":[9,8.5,8.5,16],"texture":"#16"}}},{"from":[15,15,0],"to":[16,16,16],"faces":{"north":{"uv":[9,9,9.5,9.5],"texture":"#16"},"east":{"uv":[8,7.5,16,8],"texture":"#16"},"south":{"uv":[9,9,9.5,9.5],"texture":"#16"},"west":{"uv":[8,7.5,16,8],"texture":"#16"},"up":{"uv":[8.5,16,8,8],"texture":"#16"},"down":{"uv":[8.5,8,8,16],"texture":"#16"}}},{"from":[0,15,0],"to":[15,16,1],"faces":{"north":{"uv":[8.5,8,16,8.5],"texture":"#16"},"east":{"uv":[9,9,9.5,9.5],"texture":"#16"},"south":{"uv":[8.5,8,16,8.5],"texture":"#16"},"west":{"uv":[9,9,9.5,9.5],"texture":"#16"},"up":{"uv":[16,8.5,8.5,8],"texture":"#16"},"down":{"uv":[16,8,8.5,8.5],"texture":"#16"}}},{"from":[1,15,3],"to":[15,16,4],"faces":{"north":{"uv":[9,8.5,16,9],"texture":"#16"},"east":{"uv":[9,9,9.5,9.5],"texture":"#16"},"south":{"uv":[9,8.5,16,9],"texture":"#16"},"west":{"uv":[9,9,9.5,9.5],"texture":"#16"},"up":{"uv":[16,9,9,8.5],"texture":"#16"},"down":{"uv":[16,8.5,9,9],"texture":"#16"}}},{"from":[1,15,12],"to":[15,16,13],"faces":{"north":{"uv":[9,8.5,16,9],"texture":"#16"},"east":{"uv":[9,9,9.5,9.5],"texture":"#16"},"south":{"uv":[9,8.5,16,9],"texture":"#16"},"west":{"uv":[9,9,9.5,9.5],"texture":"#16"},"up":{"uv":[16,9,9,8.5],"texture":"#16"},"down":{"uv":[16,8.5,9,9],"texture":"#16"}}},{"from":[1,15,15],"to":[15,16,16],"faces":{"north":{"uv":[9,8.5,16,9],"texture":"#16"},"east":{"uv":[9,9,9.5,9.5],"texture":"#16"},"south":{"uv":[9,8.5,16,9],"texture":"#16"},"west":{"uv":[9,9,9.5,9.5],"texture":"#16"},"up":{"uv":[16,9,9,8.5],"texture":"#16"},"down":{"uv":[16,8.5,9,9],"texture":"#16"}}}],"display":{"thirdperson_righthand":{"rotation":[75,45,0],"translation":[0,2.5,0],"scale":[0.375,0.375,0.375]},"thirdperson_lefthand":{"rotation":[75,45,0],"translation":[0,2.5,0],"scale":[0.375,0.375,0.375]},"firstperson_righthand":{"rotation":[0,45,0],"scale":[0.4,0.4,0.4]},"firstperson_lefthand":{"rotation":[0,45,0],"scale":[0.4,0.4,0.4]},"ground":{"translation":[0,2,0],"scale":[0.5,0.5,0.5]},"gui":{"rotation":[30,45,0],"translation":[0,-0.6,0],"scale":[0.5,0.5,0.5]},"head":{"translation":[0,-30.4,0],"scale":[1.6,1.6,1.6]},"fixed":{"rotation":[-90,180,0],"translation":[0,0,-14],"scale":[2.01,2.01,2.01]}}}