{"model":{"type":"range_dispatch","property":"custom_model_data","index":0,"fallback":{"on_true":{"fallback":{"model":"item/bow_pulling_0","type":"model"},"property":"use_duration","scale":0.05,"entries":[{"model":{"type":"model","model":"item/bow_pulling_1"},"threshold":0.65},{"model":{"type":"model","model":"item/bow_pulling_2"},"threshold":0.9}],"type":"range_dispatch"},"type":"condition","on_false":{"type":"model","model":"item/bow"},"property":"using_item"},"entries":[{"threshold":10000,"model":{"on_true":{"fallback":{"model":"iasurvival:ia_auto_gen/black_bow_0","type":"model"},"property":"use_duration","scale":0.05,"entries":[{"threshold":0.65,"model":{"type":"model","model":"iasurvival:ia_auto_gen/black_bow_1"}},{"threshold":0.9,"model":{"type":"model","model":"iasurvival:ia_auto_gen/black_bow_2"}}],"type":"range_dispatch"},"type":"condition","on_false":{"type":"model","model":"iasurvival:ia_auto_gen/black_bow"},"property":"using_item"}},{"threshold":10001,"model":{"on_true":{"fallback":{"model":"iasurvival:ia_auto_gen/red_bow_0","type":"model"},"property":"use_duration","scale":0.05,"entries":[{"threshold":0.65,"model":{"type":"model","model":"iasurvival:ia_auto_gen/red_bow_1"}},{"threshold":0.9,"model":{"type":"model","model":"iasurvival:ia_auto_gen/red_bow_2"}}],"type":"range_dispatch"},"type":"condition","on_false":{"type":"model","model":"iasurvival:ia_auto_gen/red_bow"},"property":"using_item"}},{"threshold":10002,"model":{"on_true":{"fallback":{"model":"iasurvival:ia_auto_gen/green_bow_0","type":"model"},"property":"use_duration","scale":0.05,"entries":[{"threshold":0.65,"model":{"type":"model","model":"iasurvival:ia_auto_gen/green_bow_1"}},{"threshold":0.9,"model":{"type":"model","model":"iasurvival:ia_auto_gen/green_bow_2"}}],"type":"range_dispatch"},"type":"condition","on_false":{"type":"model","model":"iasurvival:ia_auto_gen/green_bow"},"property":"using_item"}},{"threshold":10003,"model":{"on_true":{"fallback":{"model":"iasurvival:ia_auto_gen/blue_bow_0","type":"model"},"property":"use_duration","scale":0.05,"entries":[{"threshold":0.65,"model":{"type":"model","model":"iasurvival:ia_auto_gen/blue_bow_1"}},{"threshold":0.9,"model":{"type":"model","model":"iasurvival:ia_auto_gen/blue_bow_2"}}],"type":"range_dispatch"},"type":"condition","on_false":{"type":"model","model":"iasurvival:ia_auto_gen/blue_bow"},"property":"using_item"}},{"threshold":10004,"model":{"on_true":{"fallback":{"model":"iasurvival:ia_auto_gen/purple_bow_0","type":"model"},"property":"use_duration","scale":0.05,"entries":[{"threshold":0.65,"model":{"type":"model","model":"iasurvival:ia_auto_gen/purple_bow_1"}},{"threshold":0.9,"model":{"type":"model","model":"iasurvival:ia_auto_gen/purple_bow_2"}}],"type":"range_dispatch"},"type":"condition","on_false":{"type":"model","model":"iasurvival:ia_auto_gen/purple_bow"},"property":"using_item"}},{"threshold":10005,"model":{"on_true":{"fallback":{"model":"iasurvival:ia_auto_gen/cyan_bow_0","type":"model"},"property":"use_duration","scale":0.05,"entries":[{"threshold":0.65,"model":{"type":"model","model":"iasurvival:ia_auto_gen/cyan_bow_1"}},{"threshold":0.9,"model":{"type":"model","model":"iasurvival:ia_auto_gen/cyan_bow_2"}}],"type":"range_dispatch"},"type":"condition","on_false":{"type":"model","model":"iasurvival:ia_auto_gen/cyan_bow"},"property":"using_item"}},{"threshold":10006,"model":{"on_true":{"fallback":{"model":"iaalchemy:ia_auto_gen/astral_bow_0","type":"model"},"property":"use_duration","scale":0.05,"entries":[{"threshold":0.65,"model":{"type":"model","model":"iaalchemy:ia_auto_gen/astral_bow_1"}},{"threshold":0.9,"model":{"type":"model","model":"iaalchemy:ia_auto_gen/astral_bow_2"}}],"type":"range_dispatch"},"type":"condition","on_false":{"type":"model","model":"iaalchemy:ia_auto_gen/astral_bow"},"property":"using_item"}},{"threshold":10007,"model":{"on_true":{"fallback":{"model":"item/bow","type":"model"},"property":"use_duration","scale":0.05,"entries":[],"type":"range_dispatch"},"type":"condition","on_false":{"type":"model","model":"item/bow"},"property":"using_item"}}]}}