{"model":{"type":"range_dispatch","property":"custom_model_data","index":0,"fallback":{"type":"model","model":"item/diamond_shovel"},"entries":[{"threshold":10000,"model":{"type":"model","model":"iasurvival:ia_auto_gen/bronze_shovel"}},{"threshold":10001,"model":{"type":"model","model":"iasurvival:ia_auto_gen/ruby_shovel"}},{"threshold":10002,"model":{"type":"model","model":"iasurvival:ia_auto_gen/dark_amethyst_shovel"}},{"threshold":10003,"model":{"type":"model","model":"item/diamond_shovel"}}]}}