{"model":{"type":"range_dispatch","property":"custom_model_data","index":0,"fallback":{"type":"model","model":"item/diamond_pickaxe"},"entries":[{"threshold":10000,"model":{"type":"model","model":"iasurvival:ia_auto_gen/diamond_hammer"}},{"threshold":10001,"model":{"type":"model","model":"iaalchemy:ia_auto_gen/demoniac_pickaxe"}},{"threshold":10002,"model":{"type":"model","model":"iaalchemy:ia_auto_gen/demoniac_hammer"}},{"threshold":10003,"model":{"type":"model","model":"iasurvival:ia_auto_gen/bronze_pickaxe"}},{"threshold":10004,"model":{"type":"model","model":"iasurvival:ia_auto_gen/dark_amethyst_pickaxe"}},{"threshold":10005,"model":{"type":"model","model":"iaalchemy:ia_auto_gen/astral_pickaxe"}},{"threshold":10006,"model":{"type":"model","model":"item/diamond_pickaxe"}}]}}