{"model":{"type":"range_dispatch","property":"custom_model_data","index":0,"fallback":{"model":"item/diamond_sword","type":"model"},"entries":[{"threshold":10000,"model":{"model":"iasurvival:ia_auto_gen/dark_amethyst_sword","type":"model"}},{"threshold":10001,"model":{"model":"iasurvival:ia_auto_gen/bloodnite_sword","type":"model"}},{"threshold":10002,"model":{"model":"iasurvival:ia_auto_gen/emerald_sword","type":"model"}},{"threshold":10003,"model":{"model":"iaalchemy:ia_auto_gen/mysterious_sword","type":"model"}},{"threshold":10004,"model":{"model":"iasurvival:ia_auto_gen/end_sword","type":"model"}},{"threshold":10005,"model":{"model":"iasurvival:item/swords/firesword_sword","type":"model"}},{"threshold":10006,"model":{"model":"iaspecial_swords:item/masters_sword","type":"model"}},{"threshold":10007,"model":{"model":"iasurvival:ia_auto_gen/rusteroth_sword","type":"model"}},{"threshold":10008,"model":{"model":"iasurvival:ia_auto_gen/ruby_sword","type":"model"}},{"threshold":10009,"model":{"model":"iaspecial_swords:ia_auto_gen/elucidator_sword","type":"model"}},{"threshold":10010,"model":{"model":"iaspecial_swords:item/closed_lightsaber","type":"model"}},{"threshold":10011,"model":{"model":"iaspecial_swords:item/green_lightsaber","type":"model"}},{"threshold":10012,"model":{"model":"iaspecial_swords:item/red_lightsaber","type":"model"}},{"threshold":10013,"model":{"model":"iaspecial_swords:item/blue_lightsaber","type":"model"}},{"threshold":10014,"model":{"model":"iasurvival:ia_auto_gen/vyderlight_sword","type":"model"}},{"threshold":10015,"model":{"model":"iasurvival:ia_auto_gen/aqualight_sword","type":"model"}},{"threshold":10016,"model":{"model":"iaspecial_swords:ia_auto_gen/repulser_sword","type":"model"}},{"threshold":10017,"model":{"model":"iaspecial_swords:item/floating_sword","type":"model"}},{"threshold":10018,"model":{"model":"iasurvival:ia_auto_gen/bronze_sword","type":"model"}},{"threshold":10019,"model":{"model":"item/diamond_sword","type":"model"}}]}}