{"model":{"type":"range_dispatch","property":"custom_model_data","index":0,"fallback":{"type":"model","model":"item/feather"},"entries":[{"threshold":10000,"model":{"type":"model","model":"iafestivities:halloween/jack_o_lantern_backpack"}},{"threshold":10001,"model":{"type":"model","model":"iafestivities:halloween/axe_hat"}},{"threshold":10002,"model":{"type":"model","model":"iaalchemy:item/mysterious_hood"}},{"threshold":10003,"model":{"type":"model","model":"iafestivities:halloween/cave_spider_backpack"}},{"threshold":10004,"model":{"type":"model","model":"iafestivities:christmas/santa_hat"}},{"threshold":10005,"model":{"type":"model","model":"iafestivities:halloween/witch_hat"}},{"threshold":10006,"model":{"type":"model","model":"iawearables:hat/deadmau5_hat"}},{"threshold":10007,"model":{"type":"model","model":"iawearables:hat/top_hat"}},{"threshold":10008,"model":{"type":"model","model":"iawearables:hat/welding_mask"}},{"threshold":10009,"model":{"type":"model","model":"iawearables:hat/mining_helmet"}},{"threshold":10010,"model":{"type":"model","model":"iawearables:hat/dog_mask"}},{"threshold":10011,"model":{"type":"model","model":"iawearables:hat/ruby_pickaxe_hat"}},{"threshold":10012,"model":{"type":"model","model":"iawearables:hat/straw_hat"}},{"threshold":10013,"model":{"type":"model","model":"iawearables:hat/cool_sunglasses"}},{"threshold":10014,"model":{"type":"model","model":"iawearables:hat/cigar"}},{"threshold":10015,"model":{"type":"model","model":"iawearables:hat/glasses"}},{"threshold":10016,"model":{"type":"model","model":"iawearables:hat/biker_helmet"}},{"threshold":10017,"model":{"type":"model","model":"iawearables:hat/cat_ears"}},{"threshold":10018,"model":{"type":"model","model":"iawearables:back/demoniac_red_wings"}},{"threshold":10019,"model":{"type":"model","model":"iawearables:back/demoniac_turquoise_wings"}},{"threshold":10020,"model":{"type":"model","model":"iawearables:back/demoniac_purple_wings"}},{"threshold":10021,"model":{"type":"model","model":"iawearables:back/demoniac_blue_wings"}},{"threshold":10022,"model":{"type":"model","model":"iawearables:back/demoniac_black_wings"}},{"threshold":10023,"model":{"type":"model","model":"iawearables:back/all_black_cat_tail"}},{"threshold":10024,"model":{"type":"model","model":"iawearables:back/black_cat_tail"}},{"threshold":10025,"model":{"type":"model","model":"iawearables:back/white_cat_tail"}},{"threshold":10026,"model":{"type":"model","model":"iawearables:back/ender_dragon_wings"}},{"threshold":10027,"model":{"type":"model","model":"iawearables:back/red_backpack"}},{"threshold":10028,"model":{"type":"model","model":"iawearables:back/turquoise_backpack"}},{"threshold":10029,"model":{"type":"model","model":"iawearables:back/purple_backpack"}},{"threshold":10030,"model":{"type":"model","model":"iawearables:back/blue_backpack"}},{"threshold":10031,"model":{"type":"model","model":"iawearables:back/black_backpack"}},{"threshold":10032,"model":{"type":"model","model":"iawearables:back/brown_backpack"}},{"threshold":10033,"model":{"type":"model","model":"iafestivities:halloween/bones_backpack"}},{"threshold":10034,"model":{"type":"model","model":"iafestivities:halloween/bat_wings"}},{"threshold":10035,"model":{"type":"model","model":"iafestivities:halloween/dark_jack_o_lantern_backpack"}},{"threshold":10036,"model":{"type":"model","model":"iafestivities:halloween/spider_backpack"}},{"threshold":10037,"model":{"type":"model","model":"item/feather"}}]}}