{"model":{"type":"range_dispatch","property":"custom_model_data","index":0,"fallback":{"on_true":{"model":"item/fishing_rod_cast","type":"model"},"type":"condition","property":"fishing_rod/cast","on_false":{"model":"item/fishing_rod","type":"model"}},"entries":[{"threshold":10000,"model":{"on_true":{"model":"iasurvival:ia_auto_gen/black_fishing_rod_cast","type":"model"},"type":"minecraft:condition","property":"fishing_rod/cast","on_false":{"model":"iasurvival:ia_auto_gen/black_fishing_rod","type":"model"},"model":"iasurvival:ia_auto_gen/black_fishing_rod"}},{"threshold":10001,"model":{"on_true":{"model":"iasurvival:ia_auto_gen/red_fishing_rod_cast","type":"model"},"type":"minecraft:condition","property":"fishing_rod/cast","on_false":{"model":"iasurvival:ia_auto_gen/red_fishing_rod","type":"model"},"model":"iasurvival:ia_auto_gen/red_fishing_rod"}},{"threshold":10002,"model":{"on_true":{"model":"iasurvival:ia_auto_gen/green_fishing_rod_cast","type":"model"},"type":"minecraft:condition","property":"fishing_rod/cast","on_false":{"model":"iasurvival:ia_auto_gen/green_fishing_rod","type":"model"},"model":"iasurvival:ia_auto_gen/green_fishing_rod"}},{"threshold":10003,"model":{"on_true":{"model":"iasurvival:ia_auto_gen/blue_fishing_rod_cast","type":"model"},"type":"minecraft:condition","property":"fishing_rod/cast","on_false":{"model":"iasurvival:ia_auto_gen/blue_fishing_rod","type":"model"},"model":"iasurvival:ia_auto_gen/blue_fishing_rod"}},{"threshold":10004,"model":{"on_true":{"model":"iasurvival:ia_auto_gen/purple_fishing_rod_cast","type":"model"},"type":"minecraft:condition","property":"fishing_rod/cast","on_false":{"model":"iasurvival:ia_auto_gen/purple_fishing_rod","type":"model"},"model":"iasurvival:ia_auto_gen/purple_fishing_rod"}},{"threshold":10005,"model":{"on_true":{"model":"iasurvival:ia_auto_gen/cyan_fishing_rod_cast","type":"model"},"type":"minecraft:condition","property":"fishing_rod/cast","on_false":{"model":"iasurvival:ia_auto_gen/cyan_fishing_rod","type":"model"},"model":"iasurvival:ia_auto_gen/cyan_fishing_rod"}},{"threshold":10006,"model":{"on_true":{"model":"item/fishing_rod_cast","type":"model"},"type":"model","property":"fishing_rod/cast","on_false":{"model":"item/fishing_rod","type":"model"},"model":"item/fishing_rod"}}]}}