{"model":{"type":"range_dispatch","property":"custom_model_data","index":0,"fallback":{"type":"model","model":"item/golden_sword"},"entries":[{"threshold":10000,"model":{"type":"model","model":"iaweapons:hand_gun"}},{"threshold":10001,"model":{"type":"model","model":"iaweapons:ak47"}},{"threshold":10002,"model":{"type":"model","model":"iaweapons:revolver"}},{"threshold":10003,"model":{"type":"model","model":"iasurvival:ia_auto_gen/ruby_dagger"}},{"threshold":10004,"model":{"type":"model","model":"item/golden_sword"}}]}}