{"model":{"type":"range_dispatch","property":"custom_model_data","index":0,"fallback":{"model":"item/iron_ingot","type":"model"},"entries":[{"threshold":10000,"model":{"model":"iasurvival:ia_auto_gen/dark_amethyst_prism","type":"model"}},{"threshold":10001,"model":{"model":"iasurvival:ia_auto_gen/turquoise","type":"model"}},{"threshold":10002,"model":{"model":"iasurvival:ia_auto_gen/end_shard","type":"model"}},{"threshold":10003,"model":{"model":"iasurvival:ia_auto_gen/knowledge_fragment","type":"model"}},{"threshold":10004,"model":{"model":"iasurvival:ia_auto_gen/raw_tin","type":"model"}},{"threshold":10005,"model":{"model":"iasurvival:ia_auto_gen/raw_tin_and_copper_ingot_dust","type":"model"}},{"threshold":10006,"model":{"model":"iasurvival:ia_auto_gen/cassiterite","type":"model"}},{"threshold":10007,"model":{"model":"iasurvival:ia_auto_gen/spinel","type":"model"}},{"threshold":10008,"model":{"model":"iasurvival:ia_auto_gen/dark_amethyst","type":"model"}},{"threshold":10009,"model":{"model":"iasurvival:ia_auto_gen/crystal","type":"model"}},{"threshold":10010,"model":{"model":"iasurvival:ia_auto_gen/fossil","type":"model"}},{"threshold":10011,"model":{"model":"iasurvival:ia_auto_gen/end_ingot","type":"model"}},{"threshold":10012,"model":{"model":"iasurvival:ia_auto_gen/bronze_ingot","type":"model"}},{"threshold":10013,"model":{"model":"iaalchemy:ia_auto_gen/mysterious_material","type":"model"}},{"threshold":10014,"model":{"model":"iasurvival:ia_auto_gen/cassiterite_fragment","type":"model"}},{"threshold":10015,"model":{"model":"iasurvival:ia_auto_gen/end_crystals","type":"model"}},{"threshold":10016,"model":{"model":"iasurvival:ia_auto_gen/ruby","type":"model"}},{"threshold":10017,"model":{"model":"iasurvival:ia_auto_gen/aqua_aura","type":"model"}},{"threshold":10018,"model":{"model":"item/iron_ingot","type":"model"}}]}}