{"model":{"type":"range_dispatch","property":"custom_model_data","index":0,"fallback":{"fallback":{"type":"model","model":"item/leather_leggings","tints":[{"type":"dye","default":-6265536}]},"type":"model","property":"trim_material","cases":[{"model":{"type":"model","model":"item/leather_leggings_quartz_trim","tints":[{"type":"dye","default":-6265536}]},"when":"quartz"},{"model":{"type":"model","model":"item/leather_leggings_iron_trim","tints":[{"type":"dye","default":-6265536}]},"when":"iron"},{"model":{"type":"model","model":"item/leather_leggings_netherite_trim","tints":[{"type":"dye","default":-6265536}]},"when":"netherite"},{"model":{"type":"model","model":"item/leather_leggings_redstone_trim","tints":[{"type":"dye","default":-6265536}]},"when":"redstone"},{"model":{"type":"model","model":"item/leather_leggings_copper_trim","tints":[{"type":"dye","default":-6265536}]},"when":"copper"},{"model":{"type":"model","model":"item/leather_leggings_gold_trim","tints":[{"type":"dye","default":-6265536}]},"when":"gold"},{"model":{"type":"model","model":"item/leather_leggings_emerald_trim","tints":[{"type":"dye","default":-6265536}]},"when":"emerald"},{"model":{"type":"model","model":"item/leather_leggings_diamond_trim","tints":[{"type":"dye","default":-6265536}]},"when":"diamond"},{"model":{"type":"model","model":"item/leather_leggings_lapis_trim","tints":[{"type":"dye","default":-6265536}]},"when":"lapis"},{"model":{"type":"model","model":"item/leather_leggings_amethyst_trim","tints":[{"type":"dye","default":-6265536}]},"when":"amethyst"},{"model":{"type":"model","model":"item/leather_leggings_resin_trim","tints":[{"type":"dye","default":-6265536}]},"when":"resin"}],"model":"item/leather_leggings","tints":[{"type":"dye","default":-6265536}]},"entries":[{"threshold":10000,"model":{"fallback":{"type":"model","model":"item/leather_leggings","tints":[{"type":"dye","default":-6265536}]},"type":"model","property":"trim_material","cases":[{"model":{"type":"model","model":"item/leather_leggings_quartz_trim","tints":[{"type":"dye","default":-6265536}]},"when":"quartz"},{"model":{"type":"model","model":"item/leather_leggings_iron_trim","tints":[{"type":"dye","default":-6265536}]},"when":"iron"},{"model":{"type":"model","model":"item/leather_leggings_netherite_trim","tints":[{"type":"dye","default":-6265536}]},"when":"netherite"},{"model":{"type":"model","model":"item/leather_leggings_redstone_trim","tints":[{"type":"dye","default":-6265536}]},"when":"redstone"},{"model":{"type":"model","model":"item/leather_leggings_copper_trim","tints":[{"type":"dye","default":-6265536}]},"when":"copper"},{"model":{"type":"model","model":"item/leather_leggings_gold_trim","tints":[{"type":"dye","default":-6265536}]},"when":"gold"},{"model":{"type":"model","model":"item/leather_leggings_emerald_trim","tints":[{"type":"dye","default":-6265536}]},"when":"emerald"},{"model":{"type":"model","model":"item/leather_leggings_diamond_trim","tints":[{"type":"dye","default":-6265536}]},"when":"diamond"},{"model":{"type":"model","model":"item/leather_leggings_lapis_trim","tints":[{"type":"dye","default":-6265536}]},"when":"lapis"},{"model":{"type":"model","model":"item/leather_leggings_amethyst_trim","tints":[{"type":"dye","default":-6265536}]},"when":"amethyst"},{"model":{"type":"model","model":"item/leather_leggings_resin_trim","tints":[{"type":"dye","default":-6265536}]},"when":"resin"}],"model":"iasurvival:ia_auto_gen/bronze_leggings","tints":[{"type":"dye","default":13854755}]}},{"threshold":10001,"model":{"fallback":{"type":"model","model":"item/leather_leggings","tints":[{"type":"dye","default":-6265536}]},"type":"model","property":"trim_material","cases":[{"model":{"type":"model","model":"item/leather_leggings_quartz_trim","tints":[{"type":"dye","default":-6265536}]},"when":"quartz"},{"model":{"type":"model","model":"item/leather_leggings_iron_trim","tints":[{"type":"dye","default":-6265536}]},"when":"iron"},{"model":{"type":"model","model":"item/leather_leggings_netherite_trim","tints":[{"type":"dye","default":-6265536}]},"when":"netherite"},{"model":{"type":"model","model":"item/leather_leggings_redstone_trim","tints":[{"type":"dye","default":-6265536}]},"when":"redstone"},{"model":{"type":"model","model":"item/leather_leggings_copper_trim","tints":[{"type":"dye","default":-6265536}]},"when":"copper"},{"model":{"type":"model","model":"item/leather_leggings_gold_trim","tints":[{"type":"dye","default":-6265536}]},"when":"gold"},{"model":{"type":"model","model":"item/leather_leggings_emerald_trim","tints":[{"type":"dye","default":-6265536}]},"when":"emerald"},{"model":{"type":"model","model":"item/leather_leggings_diamond_trim","tints":[{"type":"dye","default":-6265536}]},"when":"diamond"},{"model":{"type":"model","model":"item/leather_leggings_lapis_trim","tints":[{"type":"dye","default":-6265536}]},"when":"lapis"},{"model":{"type":"model","model":"item/leather_leggings_amethyst_trim","tints":[{"type":"dye","default":-6265536}]},"when":"amethyst"},{"model":{"type":"model","model":"item/leather_leggings_resin_trim","tints":[{"type":"dye","default":-6265536}]},"when":"resin"}],"model":"iasurvival:ia_auto_gen/ruby_leggings","tints":[{"type":"dye","default":16711680}]}},{"threshold":10002,"model":{"fallback":{"type":"model","model":"item/leather_leggings","tints":[{"type":"dye","default":-6265536}]},"type":"model","property":"trim_material","cases":[{"model":{"type":"model","model":"item/leather_leggings_quartz_trim","tints":[{"type":"dye","default":-6265536}]},"when":"quartz"},{"model":{"type":"model","model":"item/leather_leggings_iron_trim","tints":[{"type":"dye","default":-6265536}]},"when":"iron"},{"model":{"type":"model","model":"item/leather_leggings_netherite_trim","tints":[{"type":"dye","default":-6265536}]},"when":"netherite"},{"model":{"type":"model","model":"item/leather_leggings_redstone_trim","tints":[{"type":"dye","default":-6265536}]},"when":"redstone"},{"model":{"type":"model","model":"item/leather_leggings_copper_trim","tints":[{"type":"dye","default":-6265536}]},"when":"copper"},{"model":{"type":"model","model":"item/leather_leggings_gold_trim","tints":[{"type":"dye","default":-6265536}]},"when":"gold"},{"model":{"type":"model","model":"item/leather_leggings_emerald_trim","tints":[{"type":"dye","default":-6265536}]},"when":"emerald"},{"model":{"type":"model","model":"item/leather_leggings_diamond_trim","tints":[{"type":"dye","default":-6265536}]},"when":"diamond"},{"model":{"type":"model","model":"item/leather_leggings_lapis_trim","tints":[{"type":"dye","default":-6265536}]},"when":"lapis"},{"model":{"type":"model","model":"item/leather_leggings_amethyst_trim","tints":[{"type":"dye","default":-6265536}]},"when":"amethyst"},{"model":{"type":"model","model":"item/leather_leggings_resin_trim","tints":[{"type":"dye","default":-6265536}]},"when":"resin"}],"model":"iaalchemy:ia_auto_gen/mysterious_leggings","tints":[{"type":"dye","default":5441382}]}},{"threshold":10003,"model":{"fallback":{"type":"model","model":"item/leather_leggings","tints":[{"type":"dye","default":-6265536}]},"type":"model","property":"trim_material","cases":[{"model":{"type":"model","model":"item/leather_leggings_quartz_trim","tints":[{"type":"dye","default":-6265536}]},"when":"quartz"},{"model":{"type":"model","model":"item/leather_leggings_iron_trim","tints":[{"type":"dye","default":-6265536}]},"when":"iron"},{"model":{"type":"model","model":"item/leather_leggings_netherite_trim","tints":[{"type":"dye","default":-6265536}]},"when":"netherite"},{"model":{"type":"model","model":"item/leather_leggings_redstone_trim","tints":[{"type":"dye","default":-6265536}]},"when":"redstone"},{"model":{"type":"model","model":"item/leather_leggings_copper_trim","tints":[{"type":"dye","default":-6265536}]},"when":"copper"},{"model":{"type":"model","model":"item/leather_leggings_gold_trim","tints":[{"type":"dye","default":-6265536}]},"when":"gold"},{"model":{"type":"model","model":"item/leather_leggings_emerald_trim","tints":[{"type":"dye","default":-6265536}]},"when":"emerald"},{"model":{"type":"model","model":"item/leather_leggings_diamond_trim","tints":[{"type":"dye","default":-6265536}]},"when":"diamond"},{"model":{"type":"model","model":"item/leather_leggings_lapis_trim","tints":[{"type":"dye","default":-6265536}]},"when":"lapis"},{"model":{"type":"model","model":"item/leather_leggings_amethyst_trim","tints":[{"type":"dye","default":-6265536}]},"when":"amethyst"},{"model":{"type":"model","model":"item/leather_leggings_resin_trim","tints":[{"type":"dye","default":-6265536}]},"when":"resin"}],"model":"iasurvival:ia_auto_gen/dark_amethyst_leggings","tints":[{"type":"dye","default":5128060}]}},{"threshold":10004,"model":{"fallback":{"type":"model","model":"item/leather_leggings","tints":[{"type":"dye","default":-6265536}]},"type":"model","property":"trim_material","cases":[{"model":{"type":"model","model":"item/leather_leggings_quartz_trim","tints":[{"type":"dye","default":-6265536}]},"when":"quartz"},{"model":{"type":"model","model":"item/leather_leggings_iron_trim","tints":[{"type":"dye","default":-6265536}]},"when":"iron"},{"model":{"type":"model","model":"item/leather_leggings_netherite_trim","tints":[{"type":"dye","default":-6265536}]},"when":"netherite"},{"model":{"type":"model","model":"item/leather_leggings_redstone_trim","tints":[{"type":"dye","default":-6265536}]},"when":"redstone"},{"model":{"type":"model","model":"item/leather_leggings_copper_trim","tints":[{"type":"dye","default":-6265536}]},"when":"copper"},{"model":{"type":"model","model":"item/leather_leggings_gold_trim","tints":[{"type":"dye","default":-6265536}]},"when":"gold"},{"model":{"type":"model","model":"item/leather_leggings_emerald_trim","tints":[{"type":"dye","default":-6265536}]},"when":"emerald"},{"model":{"type":"model","model":"item/leather_leggings_diamond_trim","tints":[{"type":"dye","default":-6265536}]},"when":"diamond"},{"model":{"type":"model","model":"item/leather_leggings_lapis_trim","tints":[{"type":"dye","default":-6265536}]},"when":"lapis"},{"model":{"type":"model","model":"item/leather_leggings_amethyst_trim","tints":[{"type":"dye","default":-6265536}]},"when":"amethyst"},{"model":{"type":"model","model":"item/leather_leggings_resin_trim","tints":[{"type":"dye","default":-6265536}]},"when":"resin"}],"model":"iasurvival:ia_auto_gen/obsidian_leggings","tints":[{"type":"dye","default":5128060}]}},{"threshold":10005,"model":{"fallback":{"type":"model","model":"item/leather_leggings","tints":[{"type":"dye","default":-6265536}]},"type":"model","property":"trim_material","cases":[{"model":{"type":"model","model":"item/leather_leggings_quartz_trim","tints":[{"type":"dye","default":-6265536}]},"when":"quartz"},{"model":{"type":"model","model":"item/leather_leggings_iron_trim","tints":[{"type":"dye","default":-6265536}]},"when":"iron"},{"model":{"type":"model","model":"item/leather_leggings_netherite_trim","tints":[{"type":"dye","default":-6265536}]},"when":"netherite"},{"model":{"type":"model","model":"item/leather_leggings_redstone_trim","tints":[{"type":"dye","default":-6265536}]},"when":"redstone"},{"model":{"type":"model","model":"item/leather_leggings_copper_trim","tints":[{"type":"dye","default":-6265536}]},"when":"copper"},{"model":{"type":"model","model":"item/leather_leggings_gold_trim","tints":[{"type":"dye","default":-6265536}]},"when":"gold"},{"model":{"type":"model","model":"item/leather_leggings_emerald_trim","tints":[{"type":"dye","default":-6265536}]},"when":"emerald"},{"model":{"type":"model","model":"item/leather_leggings_diamond_trim","tints":[{"type":"dye","default":-6265536}]},"when":"diamond"},{"model":{"type":"model","model":"item/leather_leggings_lapis_trim","tints":[{"type":"dye","default":-6265536}]},"when":"lapis"},{"model":{"type":"model","model":"item/leather_leggings_amethyst_trim","tints":[{"type":"dye","default":-6265536}]},"when":"amethyst"},{"model":{"type":"model","model":"item/leather_leggings_resin_trim","tints":[{"type":"dye","default":-6265536}]},"when":"resin"}],"model":"item/leather_leggings","tints":[{"type":"dye","default":-6265536}]}}]}}