{"model":{"type":"range_dispatch","property":"custom_model_data","index":0,"fallback":{"type":"model","model":"item/paper"},"entries":[{"threshold":10000,"model":{"type":"model","model":"_iainternal:ia_auto_gen/icon_left_blue"}},{"threshold":10001,"model":{"type":"model","model":"_iainternal:ia_auto_gen/icon_right_blue"}},{"threshold":10002,"model":{"type":"model","model":"_iainternal:ia_auto_gen/icon_search"}},{"threshold":10003,"model":{"type":"model","model":"_iainternal:ia_auto_gen/icon_cancel"}},{"threshold":10004,"model":{"type":"model","model":"_iainternal:ia_auto_gen/icon_arrow_chest"}},{"threshold":10005,"model":{"type":"model","model":"_iainternal:ia_auto_gen/icon_back_orange"}},{"threshold":10006,"model":{"type":"model","model":"_iainternal:ia_auto_gen/icon_next_orange"}},{"threshold":10007,"model":{"type":"model","model":"iadeco:dark_throne"}},{"threshold":10008,"model":{"type":"model","model":"iaalchemy:item/mysterious_stone"}},{"threshold":10009,"model":{"type":"model","model":"iasurvival:ia_auto_gen/dark_amethyst_block"}},{"threshold":10010,"model":{"type":"model","model":"iasurvival:ia_auto_gen/customization_table"}},{"threshold":10011,"model":{"type":"model","model":"iasurvival:ia_auto_gen/dark_amethyst_prism_block"}},{"threshold":10012,"model":{"type":"model","model":"iasurvival:ia_auto_gen/dark_amethyst_ore"}},{"threshold":10013,"model":{"type":"model","model":"iavehicles:air/broomstick"}},{"threshold":10014,"model":{"type":"model","model":"iaalchemy:item/energy_converter"}},{"threshold":10015,"model":{"type":"model","model":"iaalchemy:ia_auto_gen/mysterious_ore"}},{"threshold":10016,"model":{"type":"model","model":"iaalchemy:item/energy_extractor"}},{"threshold":10017,"model":{"type":"model","model":"iafestivities:halloween/decorative_pumpkin"}},{"threshold":10018,"model":{"type":"model","model":"mcicons:ia_auto_gen/icon_left_gray"}},{"threshold":10019,"model":{"type":"model","model":"mcicons:ia_auto_gen/icon_left_blue"}},{"threshold":10020,"model":{"type":"model","model":"mcicons:ia_auto_gen/icon_right_gray"}},{"threshold":10021,"model":{"type":"model","model":"mcicons:ia_auto_gen/icon_right_blue"}},{"threshold":10022,"model":{"type":"model","model":"mcicons:ia_auto_gen/icon_up_gray"}},{"threshold":10023,"model":{"type":"model","model":"mcicons:ia_auto_gen/icon_up_blue"}},{"threshold":10024,"model":{"type":"model","model":"mcicons:ia_auto_gen/icon_down_gray"}},{"threshold":10025,"model":{"type":"model","model":"mcicons:ia_auto_gen/icon_down_blue"}},{"threshold":10026,"model":{"type":"model","model":"mcicons:ia_auto_gen/icon_next_white"}},{"threshold":10027,"model":{"type":"model","model":"mcicons:ia_auto_gen/icon_next_orange"}},{"threshold":10028,"model":{"type":"model","model":"mcicons:ia_auto_gen/icon_back_white"}},{"threshold":10029,"model":{"type":"model","model":"mcicons:ia_auto_gen/icon_back_orange"}},{"threshold":10030,"model":{"type":"model","model":"mcicons:ia_auto_gen/icon_cancel"}},{"threshold":10031,"model":{"type":"model","model":"mcicons:ia_auto_gen/icon_confirm"}},{"threshold":10032,"model":{"type":"model","model":"mcicons:ia_auto_gen/icon_lock"}},{"threshold":10033,"model":{"type":"model","model":"mcicons:ia_auto_gen/icon_unlock"}},{"threshold":10034,"model":{"type":"model","model":"mcicons:ia_auto_gen/icon_web"}},{"threshold":10035,"model":{"type":"model","model":"mcicons:ia_auto_gen/icon_ender_chest"}},{"threshold":10036,"model":{"type":"model","model":"mcicons:ia_auto_gen/icon_refresh"}},{"threshold":10037,"model":{"type":"model","model":"mcicons:ia_auto_gen/icon_time_day"}},{"threshold":10038,"model":{"type":"model","model":"mcicons:ia_auto_gen/icon_time_midnight"}},{"threshold":10039,"model":{"type":"model","model":"mcicons:ia_auto_gen/icon_time_night"}},{"threshold":10040,"model":{"type":"model","model":"mcicons:ia_auto_gen/icon_time_noon"}},{"threshold":10041,"model":{"type":"model","model":"mcicons:ia_auto_gen/icon_time_sunrise"}},{"threshold":10042,"model":{"type":"model","model":"mcicons:ia_auto_gen/icon_time_sunset"}},{"threshold":10043,"model":{"type":"model","model":"mcicons:ia_auto_gen/icon_toggle_off"}},{"threshold":10044,"model":{"type":"model","model":"mcicons:ia_auto_gen/icon_toggle_on"}},{"threshold":10045,"model":{"type":"model","model":"mcicons:ia_auto_gen/icon_arrow_chest"}},{"threshold":10046,"model":{"type":"model","model":"mcicons:ia_auto_gen/icon_plus"}},{"threshold":10047,"model":{"type":"model","model":"mcicons:ia_auto_gen/icon_color_picker"}},{"threshold":10048,"model":{"type":"model","model":"mcicons:ia_auto_gen/icon_comment"}},{"threshold":10049,"model":{"type":"model","model":"mcicons:ia_auto_gen/icon_search"}},{"threshold":10050,"model":{"type":"model","model":"iasurvival:ia_auto_gen/nice_wood"}},{"threshold":10051,"model":{"type":"model","model":"iasurvival:ia_auto_gen/spinel_ore"}},{"threshold":10052,"model":{"type":"model","model":"iasurvival:ia_auto_gen/crystal_block"}},{"threshold":10053,"model":{"type":"model","model":"iasurvival:ia_auto_gen/gold_dirt_ore"}},{"threshold":10054,"model":{"type":"model","model":"iadeco:lava_lamp"}},{"threshold":10055,"model":{"type":"model","model":"iasurvival:ia_auto_gen/turquoise_block"}},{"threshold":10056,"model":{"type":"model","model":"iasurvival:ia_auto_gen/modern_stone"}},{"threshold":10057,"model":{"type":"model","model":"iasurvival:ia_auto_gen/aqua_aura_block"}},{"threshold":10058,"model":{"type":"model","model":"iadeco:white_chair"}},{"threshold":10059,"model":{"type":"model","model":"iadeco:small_fountain"}},{"threshold":10060,"model":{"type":"model","model":"iadeco:painting_burst"}},{"threshold":10061,"model":{"type":"model","model":"iadeco:painting_courbet"}},{"threshold":10062,"model":{"type":"model","model":"iadeco:painting_graham"}},{"threshold":10063,"model":{"type":"model","model":"iadeco:painting_match"}},{"threshold":10064,"model":{"type":"model","model":"iadeco:painting_pool"}},{"threshold":10065,"model":{"type":"model","model":"iadeco:painting_skull_and_roses"}},{"threshold":10066,"model":{"type":"model","model":"iadeco:painting_stage"}},{"threshold":10067,"model":{"type":"model","model":"iadeco:painting_void"}},{"threshold":10068,"model":{"type":"model","model":"iadeco:painting_wanderer"}},{"threshold":10069,"model":{"type":"model","model":"iasurvival:ia_auto_gen/restoration_table"}},{"threshold":10070,"model":{"type":"model","model":"iasurvival:ia_auto_gen/forgotten_crying_obsidian"}},{"threshold":10071,"model":{"type":"model","model":"iadeco:lit_campfire"}},{"threshold":10072,"model":{"type":"model","model":"iafestivities:christmas/christmas_tree"}},{"threshold":10073,"model":{"type":"model","model":"iadeco:computer_chair"}},{"threshold":10074,"model":{"type":"model","model":"iasurvival:ia_auto_gen/cassiterite_block"}},{"threshold":10075,"model":{"type":"model","model":"iadeco:table"}},{"threshold":10076,"model":{"type":"model","model":"iasurvival:ia_auto_gen/ruby_ore"}},{"threshold":10077,"model":{"type":"model","model":"iasurvival:ia_auto_gen/nice_stone"}},{"threshold":10078,"model":{"type":"model","model":"iadeco:mini_fridge"}},{"threshold":10079,"model":{"type":"model","model":"iadeco:glass_table"}},{"threshold":10080,"model":{"type":"model","model":"iadeco:monitor"}},{"threshold":10081,"model":{"type":"model","model":"iadeco:vending_machine"}},{"threshold":10082,"model":{"type":"model","model":"iadeco:white_chandeliers"}},{"threshold":10083,"model":{"type":"model","model":"iadeco:black_chandeliers"}},{"threshold":10084,"model":{"type":"model","model":"iadeco:black_and_red_chandeliers"}},{"threshold":10085,"model":{"type":"model","model":"iadeco:computer_desk"}},{"threshold":10086,"model":{"type":"model","model":"iaalchemy:item/alchemy_candles"}},{"threshold":10087,"model":{"type":"model","model":"iavehicles:ground/shopping_cart"}},{"threshold":10088,"model":{"type":"model","model":"iavehicles:air/oak_wood_plane"}},{"threshold":10089,"model":{"type":"model","model":"iavehicles:air/spruce_wood_plane"}},{"threshold":10090,"model":{"type":"model","model":"iavehicles:air/birch_wood_plane"}},{"threshold":10091,"model":{"type":"model","model":"iavehicles:air/jungle_wood_plane"}},{"threshold":10092,"model":{"type":"model","model":"iavehicles:air/acacia_wood_plane"}},{"threshold":10093,"model":{"type":"model","model":"iavehicles:air/dark_oak_wood_plane"}},{"threshold":10094,"model":{"type":"model","model":"iasurvival:ia_auto_gen/iron_dirt_ore"}},{"threshold":10095,"model":{"type":"model","model":"iafestivities:christmas/christmas_wreath"}},{"threshold":10096,"model":{"type":"model","model":"iasurvival:ia_auto_gen/spinel_block"}},{"threshold":10097,"model":{"type":"model","model":"iasurvival:ia_auto_gen/ruby_block"}},{"threshold":10098,"model":{"type":"model","model":"iafestivities:christmas/decorative_candy_cane"}},{"threshold":10099,"model":{"type":"model","model":"iasurvival:ia_auto_gen/modern_quartz"}},{"threshold":10100,"model":{"type":"model","model":"iadeco:lamp"}},{"threshold":10101,"model":{"type":"model","model":"iavehicles:ground/white_go_cart"}},{"threshold":10102,"model":{"type":"model","model":"iavehicles:ground/orange_go_cart"}},{"threshold":10103,"model":{"type":"model","model":"iavehicles:ground/magenta_go_cart"}},{"threshold":10104,"model":{"type":"model","model":"iavehicles:ground/light_blue_go_cart"}},{"threshold":10105,"model":{"type":"model","model":"iavehicles:ground/yellow_go_cart"}},{"threshold":10106,"model":{"type":"model","model":"iavehicles:ground/lime_go_cart"}},{"threshold":10107,"model":{"type":"model","model":"iavehicles:ground/pink_go_cart"}},{"threshold":10108,"model":{"type":"model","model":"iavehicles:ground/gray_go_cart"}},{"threshold":10109,"model":{"type":"model","model":"iavehicles:ground/light_gray_go_cart"}},{"threshold":10110,"model":{"type":"model","model":"iavehicles:ground/cyan_go_cart"}},{"threshold":10111,"model":{"type":"model","model":"iavehicles:ground/purple_go_cart"}},{"threshold":10112,"model":{"type":"model","model":"iavehicles:ground/blue_go_cart"}},{"threshold":10113,"model":{"type":"model","model":"iavehicles:ground/brown_go_cart"}},{"threshold":10114,"model":{"type":"model","model":"iavehicles:ground/green_go_cart"}},{"threshold":10115,"model":{"type":"model","model":"iavehicles:ground/red_go_cart"}},{"threshold":10116,"model":{"type":"model","model":"iavehicles:ground/black_go_cart"}},{"threshold":10117,"model":{"type":"model","model":"iadeco:school_chair"}},{"threshold":10118,"model":{"type":"model","model":"iadeco:school_chair_lazy"}},{"threshold":10119,"model":{"type":"model","model":"iadeco:coffee_machine"}},{"threshold":10120,"model":{"type":"model","model":"iadeco:tv"}},{"threshold":10121,"model":{"type":"model","model":"iasurvival:ia_auto_gen/coal_dirt_ore"}},{"threshold":10122,"model":{"type":"model","model":"iasurvival:ia_auto_gen/modern_sandstone"}},{"threshold":10123,"model":{"type":"model","model":"iaalchemy:ia_auto_gen/nether_alchemy_ore"}},{"threshold":10124,"model":{"type":"model","model":"iadeco:white_wood_chair"}},{"threshold":10125,"model":{"type":"model","model":"iadeco:orange_wood_chair"}},{"threshold":10126,"model":{"type":"model","model":"iadeco:magenta_wood_chair"}},{"threshold":10127,"model":{"type":"model","model":"iadeco:light_blue_wood_chair"}},{"threshold":10128,"model":{"type":"model","model":"iadeco:yellow_wood_chair"}},{"threshold":10129,"model":{"type":"model","model":"iadeco:lime_wood_chair"}},{"threshold":10130,"model":{"type":"model","model":"iadeco:pink_wood_chair"}},{"threshold":10131,"model":{"type":"model","model":"iadeco:gray_wood_chair"}},{"threshold":10132,"model":{"type":"model","model":"iadeco:light_gray_wood_chair"}},{"threshold":10133,"model":{"type":"model","model":"iadeco:cyan_wood_chair"}},{"threshold":10134,"model":{"type":"model","model":"iadeco:purple_wood_chair"}},{"threshold":10135,"model":{"type":"model","model":"iadeco:blue_wood_chair"}},{"threshold":10136,"model":{"type":"model","model":"iadeco:brown_wood_chair"}},{"threshold":10137,"model":{"type":"model","model":"iadeco:green_wood_chair"}},{"threshold":10138,"model":{"type":"model","model":"iadeco:red_wood_chair"}},{"threshold":10139,"model":{"type":"model","model":"iadeco:black_wood_chair"}},{"threshold":10140,"model":{"type":"model","model":"iasurvival:ia_auto_gen/aqua_aura_ore"}},{"threshold":10141,"model":{"type":"model","model":"iasurvival:ia_auto_gen/end_ore"}},{"threshold":10142,"model":{"type":"model","model":"iadeco:white_bar_chair"}},{"threshold":10143,"model":{"type":"model","model":"iadeco:orange_bar_chair"}},{"threshold":10144,"model":{"type":"model","model":"iadeco:magenta_bar_chair"}},{"threshold":10145,"model":{"type":"model","model":"iadeco:light_blue_bar_chair"}},{"threshold":10146,"model":{"type":"model","model":"iadeco:yellow_bar_chair"}},{"threshold":10147,"model":{"type":"model","model":"iadeco:lime_bar_chair"}},{"threshold":10148,"model":{"type":"model","model":"iadeco:pink_bar_chair"}},{"threshold":10149,"model":{"type":"model","model":"iadeco:gray_bar_chair"}},{"threshold":10150,"model":{"type":"model","model":"iadeco:light_gray_bar_chair"}},{"threshold":10151,"model":{"type":"model","model":"iadeco:cyan_bar_chair"}},{"threshold":10152,"model":{"type":"model","model":"iadeco:purple_bar_chair"}},{"threshold":10153,"model":{"type":"model","model":"iadeco:blue_bar_chair"}},{"threshold":10154,"model":{"type":"model","model":"iadeco:brown_bar_chair"}},{"threshold":10155,"model":{"type":"model","model":"iadeco:green_bar_chair"}},{"threshold":10156,"model":{"type":"model","model":"iadeco:red_bar_chair"}},{"threshold":10157,"model":{"type":"model","model":"iadeco:black_bar_chair"}},{"threshold":10158,"model":{"type":"model","model":"iadeco:simple_chair"}},{"threshold":10159,"model":{"type":"model","model":"iasurvival:ia_auto_gen/blaze_powder_ore"}},{"threshold":10160,"model":{"type":"model","model":"iasurvival:ia_auto_gen/turquoise_ore"}},{"threshold":10161,"model":{"type":"model","model":"iafestivities:christmas/christmas_candle"}},{"threshold":10162,"model":{"type":"model","model":"iadeco:opened_chest"}},{"threshold":10163,"model":{"type":"model","model":"iasurvival:ia_auto_gen/cassiterite_ore"}},{"threshold":10164,"model":{"type":"model","model":"iavehicles:air/ufo"}},{"threshold":10165,"model":{"type":"model","model":"iadeco:old_clock"}},{"threshold":10166,"model":{"type":"model","model":"item/paper"}}]}}