{"model":{"type":"range_dispatch","property":"custom_model_data","index":0,"fallback":{"tints":[{"type":"potion","default":-13083194}],"model":"item/potion","type":"model"},"entries":[{"threshold":10000,"model":{"tints":[{"type":"potion","default":-13083194}],"model":"iasurvival:ia_auto_gen/coffee","type":"model"}},{"threshold":10001,"model":{"tints":[{"type":"potion","default":-13083194}],"model":"iaalchemy:ia_auto_gen/diamonds_finder_potion","type":"model"}},{"threshold":10002,"model":{"tints":[{"type":"potion","default":-13083194}],"model":"iaalchemy:ia_auto_gen/emeralds_finder_potion","type":"model"}},{"threshold":10003,"model":{"tints":[{"type":"potion","default":-13083194}],"model":"iaalchemy:ia_auto_gen/strange_potion","type":"model"}},{"threshold":10004,"model":{"tints":[{"type":"potion","default":-13083194}],"model":"iaalchemy:ia_auto_gen/antidote","type":"model"}},{"threshold":10005,"model":{"tints":[{"type":"potion","default":-13083194}],"model":"iasurvival:ia_auto_gen/hot_chocolate","type":"model"}},{"threshold":10006,"model":{"tints":[{"type":"potion","default":-13083194}],"model":"iasurvival:ia_auto_gen/bloody_mary","type":"model"}},{"threshold":10007,"model":{"tints":[{"type":"potion","default":-13083194}],"model":"iasurvival:ia_auto_gen/cola","type":"model"}},{"threshold":10008,"model":{"tints":[{"type":"potion","default":-13083194}],"model":"item/potion","type":"model"}}]}}