{"model":{"type":"range_dispatch","property":"custom_model_data","index":0,"fallback":{"property":"using_item","on_true":{"base":"item/shield_blocking","type":"special","model":{"type":"shield"}},"type":"condition","on_false":{"model":{"type":"shield"},"base":"item/shield","type":"special"}},"entries":[{"threshold":10000,"model":{"property":"using_item","on_true":{"base":"item/shield_blocking","type":"model","model":"iasurvival:item/shields/dark_amethyst_shield_blocking"},"type":"condition","on_false":{"model":"iasurvival:item/shields/dark_amethyst_shield","base":"item/shield","type":"model"}}},{"threshold":10001,"model":{"property":"using_item","on_true":{"base":"item/shield_blocking","type":"model","model":"iasurvival:item/shields/ender_shield_blocking"},"type":"condition","on_false":{"model":"iasurvival:item/shields/ender_shield","base":"item/shield","type":"model"}}},{"threshold":10002,"model":{"property":"using_item","on_true":{"base":"item/shield_blocking","type":"model","model":"iasurvival:item/shields/bronze_shield_blocking"},"type":"condition","on_false":{"model":"iasurvival:item/shields/bronze_shield","base":"item/shield","type":"model"}}},{"threshold":10003,"model":{"property":"using_item","on_true":{"base":"item/shield_blocking","type":"model","model":"iasurvival:item/shields/obsidian_shield_blocking"},"type":"condition","on_false":{"model":"iasurvival:item/shields/obsidian_shield","base":"item/shield","type":"model"}}},{"threshold":10004,"model":{"property":"using_item","on_true":{"base":"item/shield_blocking","type":"model","model":"iasurvival:item/shields/ruby_shield_blocking"},"type":"condition","on_false":{"model":"iasurvival:item/shields/ruby_shield","base":"item/shield","type":"model"}}},{"threshold":10005,"model":{"property":"using_item","on_true":{"base":"item/shield_blocking","type":"special","model":{"type":"shield"}},"type":"condition","on_false":{"model":"item/shield","base":"item/shield","type":"model"}}}]}}