{"model":{"type":"range_dispatch","property":"custom_model_data","index":0,"fallback":{"type":"model","model":"item/written_book"},"entries":[{"threshold":10000,"model":{"type":"model","model":"iasurvival:ia_auto_gen/letter_written_letter"}},{"threshold":10001,"model":{"type":"model","model":"iaalchemy:ia_auto_gen/mysterious_book"}},{"threshold":10002,"model":{"type":"model","model":"iaalchemy:ia_auto_gen/mysterious_book_decrypted"}},{"threshold":10003,"model":{"type":"model","model":"item/written_book"}}]}}