{"credit":"Made with Blockbench","texture_size":[64,64],"textures":{"3":"furnituresplus:furnituresplus/blue_paint"},"elements":[{"from":[0,0,0],"to":[16,1,1],"faces":{"north":{"uv":[6.25,0,10.25,0.25],"texture":"#3"},"east":{"uv":[6.25,6,6.5,6.25],"texture":"#3"},"south":{"uv":[6.25,0,10.25,0.25],"texture":"#3"},"west":{"uv":[6.25,6,6.5,6.25],"texture":"#3"},"up":{"uv":[10.25,0.25,6.25,0],"texture":"#3"},"down":{"uv":[10.25,0,6.25,0.25],"texture":"#3"}}},{"from":[0,29,0],"to":[16,30,1],"faces":{"north":{"uv":[6.25,0,10.25,0.25],"texture":"#3"},"east":{"uv":[6.25,6,6.5,6.25],"texture":"#3"},"south":{"uv":[6.25,0,10.25,0.25],"texture":"#3"},"west":{"uv":[6.25,6,6.5,6.25],"texture":"#3"},"up":{"uv":[10.25,0.25,6.25,0],"texture":"#3"},"down":{"uv":[10.25,0,6.25,0.25],"texture":"#3"}}},{"from":[3,4,0],"to":[13,26,0.5],"faces":{"north":{"uv":[10.25,0,12.75,5.5],"texture":"#3"},"east":{"uv":[3.25,4.875,0.75,4.75],"texture":"#3"},"south":{"uv":[3.5,5.5,6,11],"texture":"#3"},"west":{"uv":[3.25,4.875,0.75,4.75],"texture":"#3"},"up":{"uv":[3.25,4.875,0.75,4.75],"texture":"#3"},"down":{"uv":[3.25,4.875,0.75,4.75],"texture":"#3"}}},{"from":[1,1,0],"to":[15,29,0.3],"faces":{"north":{"uv":[3.5,0,6,5.5],"texture":"#3"},"east":{"uv":[6.25,0.25,6.375,5.75],"texture":"#3"},"south":{"uv":[0,0,3.5,7],"texture":"#3"},"west":{"uv":[6.25,0.25,6.375,5.75],"texture":"#3"},"up":{"uv":[8.75,5.875,6.25,5.75],"texture":"#3"},"down":{"uv":[8.75,5.75,6.25,5.875],"texture":"#3"}}},{"from":[0,1,0],"to":[1,29,1],"faces":{"north":{"uv":[6,0,6.25,7],"texture":"#3"},"east":{"uv":[6,0,6.25,7],"texture":"#3"},"south":{"uv":[6,0,6.25,7],"texture":"#3"},"west":{"uv":[6,0,6.25,7],"texture":"#3"},"up":{"uv":[6.5,6.25,6.25,6],"texture":"#3"},"down":{"uv":[6.5,6,6.25,6.25],"texture":"#3"}}},{"from":[15,1,0],"to":[16,29,1],"faces":{"north":{"uv":[6,0,6.25,7],"texture":"#3"},"east":{"uv":[6,0,6.25,7],"texture":"#3"},"south":{"uv":[6,0,6.25,7],"texture":"#3"},"west":{"uv":[6,0,6.25,7],"texture":"#3"},"up":{"uv":[6.5,6.25,6.25,6],"texture":"#3"},"down":{"uv":[6.5,6,6.25,6.25],"texture":"#3"}}}],"gui_light":"front","display":{"thirdperson_righthand":{"rotation":[17.31,-4.75,5.75],"translation":[0,1.5,3],"scale":[0.375,0.375,0.375]},"thirdperson_lefthand":{"rotation":[17.31,-4.75,5.75],"translation":[0,1.5,3],"scale":[0.375,0.375,0.375]},"firstperson_righthand":{"rotation":[0,-21.75,0],"translation":[3.25,0,0],"scale":[0.4,0.4,0.4]},"firstperson_lefthand":{"rotation":[0,-21.75,0],"translation":[3.25,0,0],"scale":[0.4,0.4,0.4]},"ground":{"translation":[0,2,0],"scale":[0.5,0.5,0.5]},"gui":{"translation":[0.25,-3.6,0],"scale":[0.53516,0.53516,0.53516]},"head":{"translation":[0,-30.4,0],"scale":[1.6,1.6,1.6]},"fixed":{"rotation":[-90,180,0],"translation":[0,0,-16],"scale":[2,2,2]}}}