{"parent":"minecraft:item/handheld","textures":{"layer0":"minecraft:item/iron_sword"},"overrides":[{"predicate":{"custom_model_data":10000},"model":"iaalchemy:ia_auto_gen/philosopher_stone"},{"predicate":{"custom_model_data":10001},"model":"iasurvival:ia_auto_gen/sweet_berries_jam_jar"},{"predicate":{"custom_model_data":10002},"model":"iasurvival:ia_auto_gen/pear_jam_jar"},{"predicate":{"custom_model_data":10003},"model":"iasurvival:ia_auto_gen/apple_jam_jar"},{"predicate":{"custom_model_data":10004},"model":"iaalchemy:ia_auto_gen/healing_crystals"},{"predicate":{"custom_model_data":10005},"model":"item/iron_sword"}]}