{"parent":"minecraft:item/generated","textures":{"layer0":"minecraft:item/paper"},"overrides":[{"predicate":{"custom_model_data":10000},"model":"_iainternal:ia_auto_gen/icon_left_blue"},{"predicate":{"custom_model_data":10001},"model":"_iainternal:ia_auto_gen/icon_right_blue"},{"predicate":{"custom_model_data":10002},"model":"_iainternal:ia_auto_gen/icon_search"},{"predicate":{"custom_model_data":10003},"model":"_iainternal:ia_auto_gen/icon_cancel"},{"predicate":{"custom_model_data":10004},"model":"_iainternal:ia_auto_gen/icon_arrow_chest"},{"predicate":{"custom_model_data":10005},"model":"_iainternal:ia_auto_gen/icon_back_orange"},{"predicate":{"custom_model_data":10006},"model":"_iainternal:ia_auto_gen/icon_next_orange"},{"predicate":{"custom_model_data":10007},"model":"iadeco:dark_throne"},{"predicate":{"custom_model_data":10008},"model":"iaalchemy:item/mysterious_stone"},{"predicate":{"custom_model_data":10009},"model":"iasurvival:ia_auto_gen/dark_amethyst_block"},{"predicate":{"custom_model_data":10010},"model":"iasurvival:ia_auto_gen/customization_table"},{"predicate":{"custom_model_data":10011},"model":"iasurvival:ia_auto_gen/dark_amethyst_prism_block"},{"predicate":{"custom_model_data":10012},"model":"iasurvival:ia_auto_gen/dark_amethyst_ore"},{"predicate":{"custom_model_data":10013},"model":"iavehicles:air/broomstick"},{"predicate":{"custom_model_data":10014},"model":"iaalchemy:item/energy_converter"},{"predicate":{"custom_model_data":10015},"model":"iaalchemy:ia_auto_gen/mysterious_ore"},{"predicate":{"custom_model_data":10016},"model":"iaalchemy:item/energy_extractor"},{"predicate":{"custom_model_data":10017},"model":"iafestivities:halloween/decorative_pumpkin"},{"predicate":{"custom_model_data":10018},"model":"mcicons:ia_auto_gen/icon_left_gray"},{"predicate":{"custom_model_data":10019},"model":"mcicons:ia_auto_gen/icon_left_blue"},{"predicate":{"custom_model_data":10020},"model":"mcicons:ia_auto_gen/icon_right_gray"},{"predicate":{"custom_model_data":10021},"model":"mcicons:ia_auto_gen/icon_right_blue"},{"predicate":{"custom_model_data":10022},"model":"mcicons:ia_auto_gen/icon_up_gray"},{"predicate":{"custom_model_data":10023},"model":"mcicons:ia_auto_gen/icon_up_blue"},{"predicate":{"custom_model_data":10024},"model":"mcicons:ia_auto_gen/icon_down_gray"},{"predicate":{"custom_model_data":10025},"model":"mcicons:ia_auto_gen/icon_down_blue"},{"predicate":{"custom_model_data":10026},"model":"mcicons:ia_auto_gen/icon_next_white"},{"predicate":{"custom_model_data":10027},"model":"mcicons:ia_auto_gen/icon_next_orange"},{"predicate":{"custom_model_data":10028},"model":"mcicons:ia_auto_gen/icon_back_white"},{"predicate":{"custom_model_data":10029},"model":"mcicons:ia_auto_gen/icon_back_orange"},{"predicate":{"custom_model_data":10030},"model":"mcicons:ia_auto_gen/icon_cancel"},{"predicate":{"custom_model_data":10031},"model":"mcicons:ia_auto_gen/icon_confirm"},{"predicate":{"custom_model_data":10032},"model":"mcicons:ia_auto_gen/icon_lock"},{"predicate":{"custom_model_data":10033},"model":"mcicons:ia_auto_gen/icon_unlock"},{"predicate":{"custom_model_data":10034},"model":"mcicons:ia_auto_gen/icon_web"},{"predicate":{"custom_model_data":10035},"model":"mcicons:ia_auto_gen/icon_ender_chest"},{"predicate":{"custom_model_data":10036},"model":"mcicons:ia_auto_gen/icon_refresh"},{"predicate":{"custom_model_data":10037},"model":"mcicons:ia_auto_gen/icon_time_day"},{"predicate":{"custom_model_data":10038},"model":"mcicons:ia_auto_gen/icon_time_midnight"},{"predicate":{"custom_model_data":10039},"model":"mcicons:ia_auto_gen/icon_time_night"},{"predicate":{"custom_model_data":10040},"model":"mcicons:ia_auto_gen/icon_time_noon"},{"predicate":{"custom_model_data":10041},"model":"mcicons:ia_auto_gen/icon_time_sunrise"},{"predicate":{"custom_model_data":10042},"model":"mcicons:ia_auto_gen/icon_time_sunset"},{"predicate":{"custom_model_data":10043},"model":"mcicons:ia_auto_gen/icon_toggle_off"},{"predicate":{"custom_model_data":10044},"model":"mcicons:ia_auto_gen/icon_toggle_on"},{"predicate":{"custom_model_data":10045},"model":"mcicons:ia_auto_gen/icon_arrow_chest"},{"predicate":{"custom_model_data":10046},"model":"mcicons:ia_auto_gen/icon_plus"},{"predicate":{"custom_model_data":10047},"model":"mcicons:ia_auto_gen/icon_color_picker"},{"predicate":{"custom_model_data":10048},"model":"mcicons:ia_auto_gen/icon_comment"},{"predicate":{"custom_model_data":10049},"model":"mcicons:ia_auto_gen/icon_search"},{"predicate":{"custom_model_data":10050},"model":"iasurvival:ia_auto_gen/nice_wood"},{"predicate":{"custom_model_data":10051},"model":"iasurvival:ia_auto_gen/spinel_ore"},{"predicate":{"custom_model_data":10052},"model":"iasurvival:ia_auto_gen/crystal_block"},{"predicate":{"custom_model_data":10054},"model":"iadeco:lava_lamp"},{"predicate":{"custom_model_data":10055},"model":"iasurvival:ia_auto_gen/turquoise_block"},{"predicate":{"custom_model_data":10056},"model":"iasurvival:ia_auto_gen/modern_stone"},{"predicate":{"custom_model_data":10057},"model":"iasurvival:ia_auto_gen/aqua_aura_block"},{"predicate":{"custom_model_data":10058},"model":"iadeco:white_chair"},{"predicate":{"custom_model_data":10059},"model":"iadeco:small_fountain"},{"predicate":{"custom_model_data":10060},"model":"iadeco:painting_burst"},{"predicate":{"custom_model_data":10061},"model":"iadeco:painting_courbet"},{"predicate":{"custom_model_data":10062},"model":"iadeco:painting_graham"},{"predicate":{"custom_model_data":10063},"model":"iadeco:painting_match"},{"predicate":{"custom_model_data":10064},"model":"iadeco:painting_pool"},{"predicate":{"custom_model_data":10065},"model":"iadeco:painting_skull_and_roses"},{"predicate":{"custom_model_data":10066},"model":"iadeco:painting_stage"},{"predicate":{"custom_model_data":10067},"model":"iadeco:painting_void"},{"predicate":{"custom_model_data":10068},"model":"iadeco:painting_wanderer"},{"predicate":{"custom_model_data":10069},"model":"iasurvival:ia_auto_gen/restoration_table"},{"predicate":{"custom_model_data":10070},"model":"iasurvival:ia_auto_gen/forgotten_crying_obsidian"},{"predicate":{"custom_model_data":10071},"model":"iadeco:lit_campfire"},{"predicate":{"custom_model_data":10072},"model":"iafestivities:christmas/christmas_tree"},{"predicate":{"custom_model_data":10073},"model":"iadeco:computer_chair"},{"predicate":{"custom_model_data":10074},"model":"iasurvival:ia_auto_gen/cassiterite_block"},{"predicate":{"custom_model_data":10075},"model":"iadeco:table"},{"predicate":{"custom_model_data":10076},"model":"iasurvival:ia_auto_gen/ruby_ore"},{"predicate":{"custom_model_data":10077},"model":"iasurvival:ia_auto_gen/nice_stone"},{"predicate":{"custom_model_data":10078},"model":"iadeco:mini_fridge"},{"predicate":{"custom_model_data":10079},"model":"iadeco:glass_table"},{"predicate":{"custom_model_data":10080},"model":"iadeco:monitor"},{"predicate":{"custom_model_data":10081},"model":"iadeco:vending_machine"},{"predicate":{"custom_model_data":10082},"model":"iadeco:white_chandeliers"},{"predicate":{"custom_model_data":10083},"model":"iadeco:black_chandeliers"},{"predicate":{"custom_model_data":10084},"model":"iadeco:black_and_red_chandeliers"},{"predicate":{"custom_model_data":10085},"model":"iadeco:computer_desk"},{"predicate":{"custom_model_data":10086},"model":"iaalchemy:item/alchemy_candles"},{"predicate":{"custom_model_data":10087},"model":"iavehicles:ground/shopping_cart"},{"predicate":{"custom_model_data":10088},"model":"iavehicles:air/oak_wood_plane"},{"predicate":{"custom_model_data":10089},"model":"iavehicles:air/spruce_wood_plane"},{"predicate":{"custom_model_data":10090},"model":"iavehicles:air/birch_wood_plane"},{"predicate":{"custom_model_data":10091},"model":"iavehicles:air/jungle_wood_plane"},{"predicate":{"custom_model_data":10092},"model":"iavehicles:air/acacia_wood_plane"},{"predicate":{"custom_model_data":10093},"model":"iavehicles:air/dark_oak_wood_plane"},{"predicate":{"custom_model_data":10095},"model":"iafestivities:christmas/christmas_wreath"},{"predicate":{"custom_model_data":10096},"model":"iasurvival:ia_auto_gen/spinel_block"},{"predicate":{"custom_model_data":10097},"model":"iasurvival:ia_auto_gen/ruby_block"},{"predicate":{"custom_model_data":10098},"model":"iafestivities:christmas/decorative_candy_cane"},{"predicate":{"custom_model_data":10099},"model":"iasurvival:ia_auto_gen/modern_quartz"},{"predicate":{"custom_model_data":10100},"model":"iadeco:lamp"},{"predicate":{"custom_model_data":10101},"model":"iavehicles:ground/white_go_cart"},{"predicate":{"custom_model_data":10102},"model":"iavehicles:ground/orange_go_cart"},{"predicate":{"custom_model_data":10103},"model":"iavehicles:ground/magenta_go_cart"},{"predicate":{"custom_model_data":10104},"model":"iavehicles:ground/light_blue_go_cart"},{"predicate":{"custom_model_data":10105},"model":"iavehicles:ground/yellow_go_cart"},{"predicate":{"custom_model_data":10106},"model":"iavehicles:ground/lime_go_cart"},{"predicate":{"custom_model_data":10107},"model":"iavehicles:ground/pink_go_cart"},{"predicate":{"custom_model_data":10108},"model":"iavehicles:ground/gray_go_cart"},{"predicate":{"custom_model_data":10109},"model":"iavehicles:ground/light_gray_go_cart"},{"predicate":{"custom_model_data":10110},"model":"iavehicles:ground/cyan_go_cart"},{"predicate":{"custom_model_data":10111},"model":"iavehicles:ground/purple_go_cart"},{"predicate":{"custom_model_data":10112},"model":"iavehicles:ground/blue_go_cart"},{"predicate":{"custom_model_data":10113},"model":"iavehicles:ground/brown_go_cart"},{"predicate":{"custom_model_data":10114},"model":"iavehicles:ground/green_go_cart"},{"predicate":{"custom_model_data":10115},"model":"iavehicles:ground/red_go_cart"},{"predicate":{"custom_model_data":10116},"model":"iavehicles:ground/black_go_cart"},{"predicate":{"custom_model_data":10117},"model":"iadeco:school_chair"},{"predicate":{"custom_model_data":10118},"model":"iadeco:school_chair_lazy"},{"predicate":{"custom_model_data":10119},"model":"iadeco:coffee_machine"},{"predicate":{"custom_model_data":10120},"model":"iadeco:tv"},{"predicate":{"custom_model_data":10121},"model":"iasurvival:ia_auto_gen/coal_dirt_ore"},{"predicate":{"custom_model_data":10122},"model":"iasurvival:ia_auto_gen/modern_sandstone"},{"predicate":{"custom_model_data":10123},"model":"iaalchemy:ia_auto_gen/nether_alchemy_ore"},{"predicate":{"custom_model_data":10124},"model":"iadeco:white_wood_chair"},{"predicate":{"custom_model_data":10125},"model":"iadeco:orange_wood_chair"},{"predicate":{"custom_model_data":10126},"model":"iadeco:magenta_wood_chair"},{"predicate":{"custom_model_data":10127},"model":"iadeco:light_blue_wood_chair"},{"predicate":{"custom_model_data":10128},"model":"iadeco:yellow_wood_chair"},{"predicate":{"custom_model_data":10129},"model":"iadeco:lime_wood_chair"},{"predicate":{"custom_model_data":10130},"model":"iadeco:pink_wood_chair"},{"predicate":{"custom_model_data":10131},"model":"iadeco:gray_wood_chair"},{"predicate":{"custom_model_data":10132},"model":"iadeco:light_gray_wood_chair"},{"predicate":{"custom_model_data":10133},"model":"iadeco:cyan_wood_chair"},{"predicate":{"custom_model_data":10134},"model":"iadeco:purple_wood_chair"},{"predicate":{"custom_model_data":10135},"model":"iadeco:blue_wood_chair"},{"predicate":{"custom_model_data":10136},"model":"iadeco:brown_wood_chair"},{"predicate":{"custom_model_data":10137},"model":"iadeco:green_wood_chair"},{"predicate":{"custom_model_data":10138},"model":"iadeco:red_wood_chair"},{"predicate":{"custom_model_data":10139},"model":"iadeco:black_wood_chair"},{"predicate":{"custom_model_data":10140},"model":"iasurvival:ia_auto_gen/aqua_aura_ore"},{"predicate":{"custom_model_data":10141},"model":"iasurvival:ia_auto_gen/end_ore"},{"predicate":{"custom_model_data":10142},"model":"iadeco:white_bar_chair"},{"predicate":{"custom_model_data":10143},"model":"iadeco:orange_bar_chair"},{"predicate":{"custom_model_data":10144},"model":"iadeco:magenta_bar_chair"},{"predicate":{"custom_model_data":10145},"model":"iadeco:light_blue_bar_chair"},{"predicate":{"custom_model_data":10146},"model":"iadeco:yellow_bar_chair"},{"predicate":{"custom_model_data":10147},"model":"iadeco:lime_bar_chair"},{"predicate":{"custom_model_data":10148},"model":"iadeco:pink_bar_chair"},{"predicate":{"custom_model_data":10149},"model":"iadeco:gray_bar_chair"},{"predicate":{"custom_model_data":10150},"model":"iadeco:light_gray_bar_chair"},{"predicate":{"custom_model_data":10151},"model":"iadeco:cyan_bar_chair"},{"predicate":{"custom_model_data":10152},"model":"iadeco:purple_bar_chair"},{"predicate":{"custom_model_data":10153},"model":"iadeco:blue_bar_chair"},{"predicate":{"custom_model_data":10154},"model":"iadeco:brown_bar_chair"},{"predicate":{"custom_model_data":10155},"model":"iadeco:green_bar_chair"},{"predicate":{"custom_model_data":10156},"model":"iadeco:red_bar_chair"},{"predicate":{"custom_model_data":10157},"model":"iadeco:black_bar_chair"},{"predicate":{"custom_model_data":10158},"model":"iadeco:simple_chair"},{"predicate":{"custom_model_data":10159},"model":"iasurvival:ia_auto_gen/blaze_powder_ore"},{"predicate":{"custom_model_data":10160},"model":"iasurvival:ia_auto_gen/turquoise_ore"},{"predicate":{"custom_model_data":10161},"model":"iafestivities:christmas/christmas_candle"},{"predicate":{"custom_model_data":10162},"model":"iadeco:opened_chest"},{"predicate":{"custom_model_data":10163},"model":"iasurvival:ia_auto_gen/cassiterite_ore"},{"predicate":{"custom_model_data":10164},"model":"iavehicles:air/ufo"},{"predicate":{"custom_model_data":10165},"model":"iadeco:old_clock"},{"predicate":{"custom_model_data":10166},"model":"world_additions:stone/stone_pebbles"},{"predicate":{"custom_model_data":10167},"model":"world_additions:sandstone/sandstone_pebbles"},{"predicate":{"custom_model_data":10168},"model":"world_additions:red_sandstone/red_sandstone_pebbles"},{"predicate":{"custom_model_data":10169},"model":"world_additions:deepslate/deepslate_pebbles"},{"predicate":{"custom_model_data":10170},"model":"world_additions:mossy_cobblestone/mossy_cobblestone_pebbles"},{"predicate":{"custom_model_data":10171},"model":"world_additions:netherrack/netherrack_pebbles"},{"predicate":{"custom_model_data":10172},"model":"world_additions:end_stone/end_stone_pebbles"},{"predicate":{"custom_model_data":10173},"model":"world_additions:gravel/gravel_pebbles"},{"predicate":{"custom_model_data":10174},"model":"world_additions:andesite/andesite_pebbles"},{"predicate":{"custom_model_data":10175},"model":"world_additions:diorite/diorite_pebbles"},{"predicate":{"custom_model_data":10176},"model":"world_additions:granite/granite_pebbles"},{"predicate":{"custom_model_data":10177},"model":"world_additions:coal_stone/coal_stone_pebbles"},{"predicate":{"custom_model_data":10178},"model":"world_additions:copper_stone/copper_stone_pebbles"},{"predicate":{"custom_model_data":10179},"model":"world_additions:emerald_stone/emerald_stone_pebbles"},{"predicate":{"custom_model_data":10180},"model":"world_additions:gold_stone/gold_stone_pebbles"},{"predicate":{"custom_model_data":10181},"model":"world_additions:iron_stone/iron_stone_pebbles"},{"predicate":{"custom_model_data":10182},"model":"world_additions:lapis_stone/lapis_stone_pebbles"},{"predicate":{"custom_model_data":10183},"model":"world_additions:redstone_stone/redstone_stone_pebbles"},{"predicate":{"custom_model_data":10184},"model":"world_additions:emerald_deepslate/emerald_deepslate_pebbles"},{"predicate":{"custom_model_data":10185},"model":"world_additions:gold_deepslate/gold_deepslate_pebbles"},{"predicate":{"custom_model_data":10186},"model":"world_additions:iron_deepslate/iron_deepslate_pebbles"},{"predicate":{"custom_model_data":10187},"model":"world_additions:lapis_deepslate/lapis_deepslate_pebbles"},{"predicate":{"custom_model_data":10188},"model":"world_additions:redstone_deepslate/redstone_deepslate_pebbles"},{"predicate":{"custom_model_data":10189},"model":"world_additions:gold_netherrack/gold_netherrack_pebbles"},{"predicate":{"custom_model_data":10190},"model":"world_additions:quartz_netherrack/quartz_netherrack_pebbles"},{"predicate":{"custom_model_data":10191},"model":"world_additions:glowstone/glowstone_pebbles"},{"predicate":{"custom_model_data":10192},"model":"ax_food_pack:ia_auto_gen/food-icon"},{"predicate":{"custom_model_data":10193},"model":"park_plus:bench"},{"predicate":{"custom_model_data":10194},"model":"park_plus:box"},{"predicate":{"custom_model_data":10195},"model":"park_plus:box_construction"},{"predicate":{"custom_model_data":10196},"model":"park_plus:under_construction"},{"predicate":{"custom_model_data":10197},"model":"park_plus:little_box"},{"predicate":{"custom_model_data":10198},"model":"park_plus:concret_pot_plant"},{"predicate":{"custom_model_data":10199},"model":"park_plus:wooden_flower_pot"},{"predicate":{"custom_model_data":10200},"model":"park_plus:log_bench"},{"predicate":{"custom_model_data":10201},"model":"park_plus:picnic_table"},{"predicate":{"custom_model_data":10202},"model":"park_plus:picnic_table_nappe"},{"predicate":{"custom_model_data":10203},"model":"park_plus:stele_1"},{"predicate":{"custom_model_data":10204},"model":"park_plus:stele_2"},{"predicate":{"custom_model_data":10205},"model":"park_plus:stele_3"},{"predicate":{"custom_model_data":10206},"model":"park_plus:stele_4"},{"predicate":{"custom_model_data":10207},"model":"park_plus:stele_5"},{"predicate":{"custom_model_data":10208},"model":"park_plus:street_lamp"},{"predicate":{"custom_model_data":10209},"model":"park_plus:street_lamp_double"},{"predicate":{"custom_model_data":10210},"model":"park_plus:street_lamp_quadruple"},{"predicate":{"custom_model_data":10211},"model":"park_plus:street_lamp_upper"},{"predicate":{"custom_model_data":10212},"model":"park_plus:street_lamp_upper_double"},{"predicate":{"custom_model_data":10213},"model":"park_plus:street_lamp_upper_quadruple"},{"predicate":{"custom_model_data":10214},"model":"park_plus:street_lamp_upper_triple"},{"predicate":{"custom_model_data":10215},"model":"park_plus:swing"},{"predicate":{"custom_model_data":10216},"model":"park_plus:bird_house"},{"predicate":{"custom_model_data":10217},"model":"park_plus:fence"},{"predicate":{"custom_model_data":10218},"model":"park_plus:light_wooden_pallet"},{"predicate":{"custom_model_data":10219},"model":"park_plus:wooden_pallet"},{"predicate":{"custom_model_data":10220},"model":"park_plus:wooden_ground_planks"},{"predicate":{"custom_model_data":10221},"model":"park_plus:lantern_box"},{"predicate":{"custom_model_data":10222},"model":"itemshopplus:itemshopplus/black_shop_cover"},{"predicate":{"custom_model_data":10223},"model":"itemshopplus:itemshopplus/blue_shop_cover"},{"predicate":{"custom_model_data":10224},"model":"itemshopplus:itemshopplus/brown_shop_cover"},{"predicate":{"custom_model_data":10225},"model":"itemshopplus:itemshopplus/cyan_shop_cover"},{"predicate":{"custom_model_data":10226},"model":"itemshopplus:itemshopplus/gray_shop_cover"},{"predicate":{"custom_model_data":10227},"model":"itemshopplus:itemshopplus/green_shop_cover"},{"predicate":{"custom_model_data":10228},"model":"itemshopplus:itemshopplus/light_blue_shop_cover"},{"predicate":{"custom_model_data":10229},"model":"itemshopplus:itemshopplus/light_gray_shop_cover"},{"predicate":{"custom_model_data":10230},"model":"itemshopplus:itemshopplus/lime_shop_cover"},{"predicate":{"custom_model_data":10231},"model":"itemshopplus:itemshopplus/magenta_shop_cover"},{"predicate":{"custom_model_data":10232},"model":"itemshopplus:itemshopplus/orange_shop_cover"},{"predicate":{"custom_model_data":10233},"model":"itemshopplus:itemshopplus/pink_shop_cover"},{"predicate":{"custom_model_data":10234},"model":"itemshopplus:itemshopplus/purple_shop_cover"},{"predicate":{"custom_model_data":10235},"model":"itemshopplus:itemshopplus/red_shop_cover"},{"predicate":{"custom_model_data":10236},"model":"itemshopplus:itemshopplus/white_shop_cover"},{"predicate":{"custom_model_data":10237},"model":"itemshopplus:itemshopplus/yellow_shop_cover"},{"predicate":{"custom_model_data":10238},"model":"itemshopplus:itemshopplus/storage_box"},{"predicate":{"custom_model_data":10239},"model":"itemshopplus:itemshopplus/storage_box_mini"},{"predicate":{"custom_model_data":10240},"model":"itemshopplus:itemshopplus/sellbox/apple_sellbox"},{"predicate":{"custom_model_data":10241},"model":"itemshopplus:itemshopplus/sellbox/beetroot_sellbox"},{"predicate":{"custom_model_data":10242},"model":"itemshopplus:itemshopplus/sellbox/carrot_sellbox"},{"predicate":{"custom_model_data":10243},"model":"itemshopplus:itemshopplus/sellbox/copper_sellbox"},{"predicate":{"custom_model_data":10244},"model":"itemshopplus:itemshopplus/sellbox/fish_sellbox"},{"predicate":{"custom_model_data":10245},"model":"itemshopplus:itemshopplus/sellbox/gapple_sellbox"},{"predicate":{"custom_model_data":10246},"model":"itemshopplus:itemshopplus/sellbox/glowberry_sellbox"},{"predicate":{"custom_model_data":10247},"model":"itemshopplus:itemshopplus/sellbox/melon_sellbox"},{"predicate":{"custom_model_data":10248},"model":"itemshopplus:itemshopplus/sellbox/minerals_sellbox"},{"predicate":{"custom_model_data":10249},"model":"itemshopplus:itemshopplus/sellbox/potato_sellbox"},{"predicate":{"custom_model_data":10250},"model":"itemshopplus:itemshopplus/sellbox/sugar_cane_sellbox"},{"predicate":{"custom_model_data":10251},"model":"itemshopplus:itemshopplus/sellbox/sweet_berries_sellbox"},{"predicate":{"custom_model_data":10252},"model":"itemshopplus:itemshopplus/sellbox/terracotta_sellbox"},{"predicate":{"custom_model_data":10253},"model":"itemshopplus:itemshopplus/sellbox/wood_sellbox"},{"predicate":{"custom_model_data":10254},"model":"itemshopplus:itemshopplus/sellbox/wool_sellbox"},{"predicate":{"custom_model_data":10255},"model":"itemshopplus:itemshopplus/sellbox/sword_sellbox"},{"predicate":{"custom_model_data":10256},"model":"itemshopplus:itemshopplus/sellbox/tools_sellbox"},{"predicate":{"custom_model_data":10257},"model":"itemshopplus:itemshopplus/sellbox/books_sellbox"},{"predicate":{"custom_model_data":10258},"model":"itemshopplus:itemshopplus/cash/cash_register_black"},{"predicate":{"custom_model_data":10259},"model":"itemshopplus:itemshopplus/cash/cash_register_blue"},{"predicate":{"custom_model_data":10260},"model":"itemshopplus:itemshopplus/cash/cash_register_brown"},{"predicate":{"custom_model_data":10261},"model":"itemshopplus:itemshopplus/cash/cash_register_cyan"},{"predicate":{"custom_model_data":10262},"model":"itemshopplus:itemshopplus/cash/cash_register_green"},{"predicate":{"custom_model_data":10263},"model":"itemshopplus:itemshopplus/cash/cash_register_orange"},{"predicate":{"custom_model_data":10264},"model":"itemshopplus:itemshopplus/cash/cash_register_pink"},{"predicate":{"custom_model_data":10265},"model":"itemshopplus:itemshopplus/cash/cash_register_red"},{"predicate":{"custom_model_data":10266},"model":"itemshopplus:itemshopplus/cash/cash_register_yellow"},{"predicate":{"custom_model_data":10267},"model":"furnituresplus:machine/fabric_machine_plus"},{"predicate":{"custom_model_data":10268},"model":"furnituresplus:redvibecollection/red_wooden_sofa_left"},{"predicate":{"custom_model_data":10269},"model":"furnituresplus:redvibecollection/red_wooden_sofa_middle"},{"predicate":{"custom_model_data":10270},"model":"furnituresplus:redvibecollection/red_wooden_sofa_right"},{"predicate":{"custom_model_data":10271},"model":"furnituresplus:redvibecollection/red_wooden_sofa_corner"},{"predicate":{"custom_model_data":10272},"model":"furnituresplus:redvibecollection/red_wooden_sofa_single"},{"predicate":{"custom_model_data":10273},"model":"furnituresplus:redvibecollection/red_wooden_lowtable"},{"predicate":{"custom_model_data":10274},"model":"furnituresplus:redvibecollection/red_wooden_buffettable"},{"predicate":{"custom_model_data":10275},"model":"furnituresplus:redvibecollection/red_bedside_table"},{"predicate":{"custom_model_data":10276},"model":"furnituresplus:redvibecollection/red_wooden_biglamp"},{"predicate":{"custom_model_data":10277},"model":"furnituresplus:redvibecollection/red_wooden_lamp"},{"predicate":{"custom_model_data":10278},"model":"furnituresplus:redvibecollection/red_wooden_lamp"},{"predicate":{"custom_model_data":10279},"model":"furnituresplus:redvibecollection/red_oakpaint"},{"predicate":{"custom_model_data":10280},"model":"furnituresplus:redvibecollection/red_wooden_chair"},{"predicate":{"custom_model_data":10281},"model":"furnituresplus:redvibecollection/red_wooden_diningtable"},{"predicate":{"custom_model_data":10282},"model":"furnituresplus:redvibecollection/red_storage_furniture"},{"predicate":{"custom_model_data":10283},"model":"furnituresplus:blankacollection/white_wooden_sofa_left"},{"predicate":{"custom_model_data":10284},"model":"furnituresplus:blankacollection/white_wooden_sofa_middle"},{"predicate":{"custom_model_data":10285},"model":"furnituresplus:blankacollection/white_wooden_sofa_right"},{"predicate":{"custom_model_data":10286},"model":"furnituresplus:blankacollection/white_wooden_sofa_corner"},{"predicate":{"custom_model_data":10287},"model":"furnituresplus:blankacollection/white_wooden_sofa_single"},{"predicate":{"custom_model_data":10288},"model":"furnituresplus:blankacollection/white_wooden_lowtable"},{"predicate":{"custom_model_data":10289},"model":"furnituresplus:blankacollection/white_wooden_buffettable"},{"predicate":{"custom_model_data":10290},"model":"furnituresplus:blankacollection/white_bedside_table"},{"predicate":{"custom_model_data":10291},"model":"furnituresplus:blankacollection/white_wooden_biglamp"},{"predicate":{"custom_model_data":10292},"model":"furnituresplus:blankacollection/white_wooden_lamp"},{"predicate":{"custom_model_data":10293},"model":"furnituresplus:blankacollection/white_wooden_lamp"},{"predicate":{"custom_model_data":10294},"model":"furnituresplus:blankacollection/white_sprucepaint"},{"predicate":{"custom_model_data":10295},"model":"furnituresplus:blankacollection/white_wooden_chair"},{"predicate":{"custom_model_data":10296},"model":"furnituresplus:blankacollection/white_wooden_diningtable"},{"predicate":{"custom_model_data":10297},"model":"furnituresplus:blankacollection/white_storage_furniture"},{"predicate":{"custom_model_data":10298},"model":"furnituresplus:summercollection/cyan_wooden_sofa_left"},{"predicate":{"custom_model_data":10299},"model":"furnituresplus:summercollection/cyan_wooden_sofa_middle"},{"predicate":{"custom_model_data":10300},"model":"furnituresplus:summercollection/cyan_wooden_sofa_right"},{"predicate":{"custom_model_data":10301},"model":"furnituresplus:summercollection/cyan_wooden_sofa_corner"},{"predicate":{"custom_model_data":10302},"model":"furnituresplus:summercollection/cyan_wooden_sofa_single"},{"predicate":{"custom_model_data":10303},"model":"furnituresplus:summercollection/cyan_lowtable"},{"predicate":{"custom_model_data":10304},"model":"furnituresplus:summercollection/cyan_buffet_table"},{"predicate":{"custom_model_data":10305},"model":"furnituresplus:summercollection/cyan_bedside_table"},{"predicate":{"custom_model_data":10306},"model":"furnituresplus:summercollection/cyan_wooden_biglamp"},{"predicate":{"custom_model_data":10307},"model":"furnituresplus:summercollection/cyan_wooden_lamp"},{"predicate":{"custom_model_data":10308},"model":"furnituresplus:summercollection/cyan_wooden_lamp"},{"predicate":{"custom_model_data":10309},"model":"furnituresplus:summercollection/cyan_summerpaint"},{"predicate":{"custom_model_data":10310},"model":"furnituresplus:summercollection/cyan_wooden_chair"},{"predicate":{"custom_model_data":10311},"model":"furnituresplus:summercollection/cyan_wooden_diningtable"},{"predicate":{"custom_model_data":10312},"model":"furnituresplus:summercollection/cyan_storage_furniture"},{"predicate":{"custom_model_data":10313},"model":"furnituresplus:acaciagraycollection/gray_wooden_sofa_left"},{"predicate":{"custom_model_data":10314},"model":"furnituresplus:acaciagraycollection/gray_wooden_sofa_middle"},{"predicate":{"custom_model_data":10315},"model":"furnituresplus:acaciagraycollection/gray_wooden_sofa_right"},{"predicate":{"custom_model_data":10316},"model":"furnituresplus:acaciagraycollection/gray_wooden_sofa_corner"},{"predicate":{"custom_model_data":10317},"model":"furnituresplus:acaciagraycollection/gray_wooden_sofa_single"},{"predicate":{"custom_model_data":10318},"model":"furnituresplus:acaciagraycollection/gray_wooden_lowtable"},{"predicate":{"custom_model_data":10319},"model":"furnituresplus:acaciagraycollection/gray_wooden_buffettable"},{"predicate":{"custom_model_data":10320},"model":"furnituresplus:acaciagraycollection/gray_bedside_table"},{"predicate":{"custom_model_data":10321},"model":"furnituresplus:acaciagraycollection/gray_wooden_biglamp"},{"predicate":{"custom_model_data":10322},"model":"furnituresplus:acaciagraycollection/gray_wooden_lamp"},{"predicate":{"custom_model_data":10323},"model":"furnituresplus:acaciagraycollection/gray_wooden_lamp"},{"predicate":{"custom_model_data":10324},"model":"furnituresplus:acaciagraycollection/gray_acaciapaint"},{"predicate":{"custom_model_data":10325},"model":"furnituresplus:acaciagraycollection/gray_wooden_chair"},{"predicate":{"custom_model_data":10326},"model":"furnituresplus:acaciagraycollection/gray_wooden_diningtable"},{"predicate":{"custom_model_data":10327},"model":"furnituresplus:acaciagraycollection/gray_storage_furniture"},{"predicate":{"custom_model_data":10328},"model":"furnituresplus:steelcollection/iron_sofa_left"},{"predicate":{"custom_model_data":10329},"model":"furnituresplus:steelcollection/iron_sofa_middle"},{"predicate":{"custom_model_data":10330},"model":"furnituresplus:steelcollection/iron_sofa_right"},{"predicate":{"custom_model_data":10331},"model":"furnituresplus:steelcollection/iron_sofa_corner"},{"predicate":{"custom_model_data":10332},"model":"furnituresplus:steelcollection/iron_sofa_single"},{"predicate":{"custom_model_data":10333},"model":"furnituresplus:steelcollection/iron_lowtable"},{"predicate":{"custom_model_data":10334},"model":"furnituresplus:steelcollection/iron_buffettable"},{"predicate":{"custom_model_data":10335},"model":"furnituresplus:steelcollection/iron_bedside_table"},{"predicate":{"custom_model_data":10336},"model":"furnituresplus:steelcollection/iron_biglamp"},{"predicate":{"custom_model_data":10337},"model":"furnituresplus:steelcollection/iron_lamp"},{"predicate":{"custom_model_data":10338},"model":"furnituresplus:steelcollection/iron_lamp"},{"predicate":{"custom_model_data":10339},"model":"furnituresplus:steelcollection/iron_paint"},{"predicate":{"custom_model_data":10340},"model":"furnituresplus:steelcollection/iron_chair"},{"predicate":{"custom_model_data":10341},"model":"furnituresplus:steelcollection/iron_diningtable"},{"predicate":{"custom_model_data":10342},"model":"furnituresplus:steelcollection/iron_storage_furniture"},{"predicate":{"custom_model_data":10343},"model":"furnituresplus:amethystcollection/amethyst_sofa_left"},{"predicate":{"custom_model_data":10344},"model":"furnituresplus:amethystcollection/amethyst_sofa_right"},{"predicate":{"custom_model_data":10345},"model":"furnituresplus:amethystcollection/amethyst_sofa_middle"},{"predicate":{"custom_model_data":10346},"model":"furnituresplus:amethystcollection/amethyst_sofa_corner"},{"predicate":{"custom_model_data":10347},"model":"furnituresplus:amethystcollection/amethyst_sofa_single"},{"predicate":{"custom_model_data":10348},"model":"furnituresplus:amethystcollection/amethyst_lowtable"},{"predicate":{"custom_model_data":10349},"model":"furnituresplus:amethystcollection/amethys_buffet_table"},{"predicate":{"custom_model_data":10350},"model":"furnituresplus:amethystcollection/amethyst_bedside_table"},{"predicate":{"custom_model_data":10351},"model":"furnituresplus:amethystcollection/amethyst_biglamp"},{"predicate":{"custom_model_data":10352},"model":"furnituresplus:amethystcollection/amethyst_lamp"},{"predicate":{"custom_model_data":10353},"model":"furnituresplus:amethystcollection/amethyst_lamp"},{"predicate":{"custom_model_data":10354},"model":"furnituresplus:amethystcollection/amethyst_paint"},{"predicate":{"custom_model_data":10355},"model":"furnituresplus:amethystcollection/amethyst_chair"},{"predicate":{"custom_model_data":10356},"model":"furnituresplus:amethystcollection/amethyst_diningtable"},{"predicate":{"custom_model_data":10357},"model":"furnituresplus:amethystcollection/amethyst_storage_furniture"},{"predicate":{"custom_model_data":10358},"model":"furnituresplus:others/radio"},{"predicate":{"custom_model_data":10359},"model":"furnituresplus:others/bluepaint"},{"predicate":{"custom_model_data":10360},"model":"furnituresplus:others/greenpaint"},{"predicate":{"custom_model_data":10361},"model":"furnituresplus:others/greenpaintb"},{"predicate":{"custom_model_data":10362},"model":"furnituresplus:bamboocollection/bamboo_wooden_sofa_left"},{"predicate":{"custom_model_data":10363},"model":"furnituresplus:bamboocollection/bamboo_wooden_sofa_right"},{"predicate":{"custom_model_data":10364},"model":"furnituresplus:bamboocollection/bamboo_wooden_sofa_middle"},{"predicate":{"custom_model_data":10365},"model":"furnituresplus:bamboocollection/bamboo_wooden_sofa_corner"},{"predicate":{"custom_model_data":10366},"model":"furnituresplus:bamboocollection/bamboo_wooden_sofa_single"},{"predicate":{"custom_model_data":10367},"model":"furnituresplus:bamboocollection/bamboo_lowtable"},{"predicate":{"custom_model_data":10368},"model":"furnituresplus:bamboocollection/bamboo_buffet_table"},{"predicate":{"custom_model_data":10369},"model":"furnituresplus:bamboocollection/bamboo_bedside_table"},{"predicate":{"custom_model_data":10370},"model":"furnituresplus:bamboocollection/bamboo_biglamp"},{"predicate":{"custom_model_data":10371},"model":"furnituresplus:bamboocollection/bamboo_wooden_lamp"},{"predicate":{"custom_model_data":10372},"model":"furnituresplus:bamboocollection/bamboo_wooden_hanginglamp"},{"predicate":{"custom_model_data":10373},"model":"furnituresplus:bamboocollection/bamboo_paint"},{"predicate":{"custom_model_data":10374},"model":"furnituresplus:bamboocollection/bamboo_wooden_chair"},{"predicate":{"custom_model_data":10375},"model":"furnituresplus:bamboocollection/bamboo_wooden_diningtable"},{"predicate":{"custom_model_data":10376},"model":"furnituresplus:bamboocollection/bamboo_storage_furniture"},{"predicate":{"custom_model_data":10377},"model":"furnituresplus:mangrovecollection/mangrove_wooden_sofa_left"},{"predicate":{"custom_model_data":10378},"model":"furnituresplus:mangrovecollection/mangrove_wooden_sofa_right"},{"predicate":{"custom_model_data":10379},"model":"furnituresplus:mangrovecollection/mangrove_wooden_sofa_middle"},{"predicate":{"custom_model_data":10380},"model":"furnituresplus:mangrovecollection/mangrove_wooden_sofa_corner"},{"predicate":{"custom_model_data":10381},"model":"furnituresplus:mangrovecollection/mangrove_wooden_sofa_single"},{"predicate":{"custom_model_data":10382},"model":"furnituresplus:mangrovecollection/mangrove_lowtable"},{"predicate":{"custom_model_data":10383},"model":"furnituresplus:mangrovecollection/mangrove_buffet_table"},{"predicate":{"custom_model_data":10384},"model":"furnituresplus:mangrovecollection/mangrove_bedside_table"},{"predicate":{"custom_model_data":10385},"model":"furnituresplus:mangrovecollection/mangrove_biglamp"},{"predicate":{"custom_model_data":10386},"model":"furnituresplus:mangrovecollection/mangrove_wooden_lamp"},{"predicate":{"custom_model_data":10387},"model":"furnituresplus:mangrovecollection/mangrove_wooden_hanginglamp"},{"predicate":{"custom_model_data":10388},"model":"furnituresplus:mangrovecollection/mangrove_paint"},{"predicate":{"custom_model_data":10389},"model":"furnituresplus:mangrovecollection/mangrove_wooden_chair"},{"predicate":{"custom_model_data":10390},"model":"furnituresplus:mangrovecollection/mangrove_wooden_diningtable"},{"predicate":{"custom_model_data":10391},"model":"furnituresplus:mangrovecollection/mangrove_storage_furniture"},{"predicate":{"custom_model_data":10392},"model":"furnituresplus:cherrycollection/cherry_wooden_sofa_left"},{"predicate":{"custom_model_data":10393},"model":"furnituresplus:cherrycollection/cherry_wooden_sofa_right"},{"predicate":{"custom_model_data":10394},"model":"furnituresplus:cherrycollection/cherry_wooden_sofa_middle"},{"predicate":{"custom_model_data":10395},"model":"furnituresplus:cherrycollection/cherry_wooden_sofa_corner"},{"predicate":{"custom_model_data":10396},"model":"furnituresplus:cherrycollection/cherry_wooden_sofa_single"},{"predicate":{"custom_model_data":10397},"model":"furnituresplus:cherrycollection/cherry_lowtable"},{"predicate":{"custom_model_data":10398},"model":"furnituresplus:cherrycollection/cherry_buffet_table"},{"predicate":{"custom_model_data":10399},"model":"furnituresplus:cherrycollection/cherry_bedside_table"},{"predicate":{"custom_model_data":10400},"model":"furnituresplus:cherrycollection/cherry_biglamp"},{"predicate":{"custom_model_data":10401},"model":"furnituresplus:cherrycollection/cherry_wooden_lamp"},{"predicate":{"custom_model_data":10402},"model":"furnituresplus:cherrycollection/cherry_wooden_hanginglamp"},{"predicate":{"custom_model_data":10403},"model":"furnituresplus:cherrycollection/cherry_paint"},{"predicate":{"custom_model_data":10404},"model":"furnituresplus:cherrycollection/cherry_wooden_chair"},{"predicate":{"custom_model_data":10405},"model":"furnituresplus:cherrycollection/cherry_wooden_diningtable"},{"predicate":{"custom_model_data":10406},"model":"furnituresplus:cherrycollection/cherry_storage_furniture"},{"predicate":{"custom_model_data":10407},"model":"item/paper"}]}