{
	"credit": "Made with Blockbench",
	"textures": {
		"24": "world_additions:diorite",
		"particle": "world_additions:diorite"
	},
	"elements": [
		{
			"from": [7, 0, 3],
			"to": [11, 2, 7],
			"rotation": {"angle": -45, "axis": "y", "origin": [13.5, 1.5, 9.5]},
			"faces": {
				"north": {"uv": [12, 14, 8, 16], "rotation": 180, "texture": "#24"},
				"east": {"uv": [9, 16, 7, 12], "rotation": 90, "texture": "#24"},
				"south": {"uv": [12, 11, 8, 13], "texture": "#24"},
				"west": {"uv": [11, 12, 13, 16], "rotation": 90, "texture": "#24"},
				"up": {"uv": [8, 12, 12, 16], "rotation": 180, "texture": "#24"},
				"down": {"uv": [8, 12, 12, 16], "rotation": 90, "texture": "#24"}
			}
		},
		{
			"from": [2.30761, 0, 0.67157],
			"to": [6.30761, 2, 4.67157],
			"rotation": {"angle": 22.5, "axis": "y", "origin": [4.30761, 1, 6.67157]},
			"faces": {
				"north": {"uv": [7, 10, 9, 14], "rotation": 90, "texture": "#24"},
				"east": {"uv": [8, 15, 4, 13], "rotation": 180, "texture": "#24"},
				"south": {"uv": [3, 10, 5, 14], "rotation": 270, "texture": "#24"},
				"west": {"uv": [4, 9, 8, 11], "rotation": 180, "texture": "#24"},
				"up": {"uv": [4, 10, 8, 14], "rotation": 270, "texture": "#24"},
				"down": {"uv": [4, 10, 8, 14], "rotation": 90, "texture": "#24"}
			}
		},
		{
			"from": [-0.55061, 0, 12.43902],
			"to": [1.44939, 1, 14.43902],
			"rotation": {"angle": -22.5, "axis": "y", "origin": [3.44939, 0.5, 14.43902]},
			"faces": {
				"north": {"uv": [3, 6, 4, 8], "rotation": 90, "texture": "#24"},
				"east": {"uv": [4, 8, 2, 7], "rotation": 180, "texture": "#24"},
				"south": {"uv": [2, 6, 3, 8], "rotation": 270, "texture": "#24"},
				"west": {"uv": [2, 6, 4, 7], "rotation": 180, "texture": "#24"},
				"up": {"uv": [2, 6, 4, 8], "rotation": 270, "texture": "#24"},
				"down": {"uv": [2, 6, 4, 8], "rotation": 90, "texture": "#24"}
			}
		},
		{
			"from": [6.5004, 0, 1.0459],
			"to": [8.5004, 1, 3.0459],
			"rotation": {"angle": 0, "axis": "y", "origin": [7.5004, 0.5, 2.0459]},
			"faces": {
				"north": {"uv": [11, 2, 12, 4], "rotation": 90, "texture": "#24"},
				"east": {"uv": [12, 4, 10, 3], "rotation": 180, "texture": "#24"},
				"south": {"uv": [10, 2, 11, 4], "rotation": 270, "texture": "#24"},
				"west": {"uv": [10, 2, 12, 3], "rotation": 180, "texture": "#24"},
				"up": {"uv": [10, 2, 12, 4], "rotation": 270, "texture": "#24"},
				"down": {"uv": [10, 2, 12, 4], "rotation": 90, "texture": "#24"}
			}
		},
		{
			"from": [15, 0, 8.34315],
			"to": [18, 1, 11.34315],
			"rotation": {"angle": -22.5, "axis": "y", "origin": [13.5, 0.5, 3.84315]},
			"faces": {
				"north": {"uv": [11, 13, 8, 14], "texture": "#24"},
				"east": {"uv": [8, 15, 11, 16], "rotation": 180, "texture": "#24"},
				"south": {"uv": [11, 15, 8, 16], "rotation": 180, "texture": "#24"},
				"west": {"uv": [8, 13, 11, 14], "texture": "#24"},
				"up": {"uv": [8, 13, 11, 16], "texture": "#24"},
				"down": {"uv": [8, 13, 11, 16], "texture": "#24"}
			}
		},
		{
			"from": [6.48392, 0, 13.04702],
			"to": [9.48392, 1, 16.04702],
			"rotation": {"angle": 0, "axis": "y", "origin": [7.98392, 0.5, 14.54702]},
			"faces": {
				"north": {"uv": [13, 10, 10, 11], "texture": "#24"},
				"east": {"uv": [10, 12, 13, 13], "rotation": 180, "texture": "#24"},
				"south": {"uv": [13, 12, 10, 13], "rotation": 180, "texture": "#24"},
				"west": {"uv": [10, 10, 13, 11], "texture": "#24"},
				"up": {"uv": [10, 10, 13, 13], "texture": "#24"},
				"down": {"uv": [10, 10, 13, 13], "texture": "#24"}
			}
		},
		{
			"from": [4, 0, 4],
			"to": [11, 3, 11],
			"rotation": {"angle": 0, "axis": "y", "origin": [1, 0, 1]},
			"faces": {
				"north": {"uv": [11, 13, 4, 10], "rotation": 180, "texture": "#24"},
				"east": {"uv": [5, 11, 2, 4], "rotation": 90, "texture": "#24"},
				"south": {"uv": [4, 2, 11, 5], "rotation": 180, "texture": "#24"},
				"west": {"uv": [10, 4, 13, 11], "rotation": 90, "texture": "#24"},
				"up": {"uv": [4, 4, 11, 11], "rotation": 180, "texture": "#24"},
				"down": {"uv": [4, 4, 11, 11], "texture": "#24"}
			}
		}
	]
}