{"credit":"Made with Blockbench","textures":{"2":"furnituresplus:furnituresplus/oak_planks","3":"furnituresplus:furnituresplus/redfabricmotif","4":"furnituresplus:furnituresplus/oakchisledr","particle":"furnituresplus:furnituresplus/light_gray_wool"},"elements":[{"from":[1,0,0],"to":[3,8,2],"faces":{"north":{"uv":[2,0,4,8],"texture":"#2"},"east":{"uv":[2,0,4,8],"texture":"#2"},"south":{"uv":[2,0,4,8],"texture":"#2"},"west":{"uv":[2,0,4,8],"texture":"#2"},"up":{"uv":[0,0,2,2],"texture":"#2"},"down":{"uv":[0,0,2,2],"texture":"#2"}}},{"from":[1,0,14],"to":[3,8,16],"faces":{"north":{"uv":[2,0,4,8],"texture":"#2"},"east":{"uv":[2,0,4,8],"texture":"#2"},"south":{"uv":[2,0,4,8],"texture":"#2"},"west":{"uv":[2,0,4,8],"texture":"#2"},"up":{"uv":[0,0,2,2],"texture":"#2"},"down":{"uv":[0,0,2,2],"texture":"#2"}}},{"from":[13,0,14],"to":[15,8,16],"faces":{"north":{"uv":[2,0,4,8],"texture":"#2"},"east":{"uv":[2,0,4,8],"texture":"#2"},"south":{"uv":[2,0,4,8],"texture":"#2"},"west":{"uv":[2,0,4,8],"texture":"#2"},"up":{"uv":[0,0,2,2],"texture":"#2"},"down":{"uv":[0,0,2,2],"texture":"#2"}}},{"from":[13,0,0],"to":[15,8,2],"faces":{"north":{"uv":[2,0,4,8],"texture":"#2"},"east":{"uv":[2,0,4,8],"texture":"#2"},"south":{"uv":[2,0,4,8],"texture":"#2"},"west":{"uv":[2,0,4,8],"texture":"#2"},"up":{"uv":[0,0,2,2],"texture":"#2"},"down":{"uv":[0,0,2,2],"texture":"#2"}}},{"from":[2,4,2],"to":[14,5,14],"faces":{"north":{"uv":[0,0,12,1],"texture":"#2"},"east":{"uv":[0,0,12,1],"texture":"#2"},"south":{"uv":[0,0,12,1],"texture":"#2"},"west":{"uv":[0,0,12,1],"texture":"#2"},"up":{"uv":[0,0,16,16],"texture":"#2"},"down":{"uv":[0,0,12,12],"texture":"#2"}}},{"from":[0,8,-1],"to":[3.9,9,17],"faces":{"north":{"uv":[0,0,6,1],"texture":"#4"},"east":{"uv":[0,0,16,1],"texture":"#4"},"south":{"uv":[0,0,6,1],"texture":"#4"},"west":{"uv":[0,0,16,1],"texture":"#4"},"up":{"uv":[0,0,6,16],"texture":"#4"},"down":{"uv":[0,0,6,16],"texture":"#4"}}},{"from":[4.1,8,-1],"to":[8,9,17],"faces":{"north":{"uv":[0,0,6,1],"texture":"#4"},"east":{"uv":[0,0,16,1],"texture":"#4"},"south":{"uv":[0,0,6,1],"texture":"#4"},"west":{"uv":[0,0,16,1],"texture":"#4"},"up":{"uv":[0,0,6,16],"texture":"#4"},"down":{"uv":[0,0,6,16],"texture":"#4"}}},{"from":[8.2,8,-1],"to":[12.1,9,17],"faces":{"north":{"uv":[0,0,6,1],"texture":"#4"},"east":{"uv":[0,0,16,1],"texture":"#4"},"south":{"uv":[0,0,6,1],"texture":"#4"},"west":{"uv":[0,0,16,1],"texture":"#4"},"up":{"uv":[0,0,6,16],"texture":"#4"},"down":{"uv":[0,0,6,16],"texture":"#4"}}},{"from":[12.3,8,-1],"to":[16.2,9,17],"faces":{"north":{"uv":[0,0,6,1],"texture":"#4"},"east":{"uv":[0,0,16,1],"texture":"#4"},"south":{"uv":[0,0,6,1],"texture":"#4"},"west":{"uv":[0,0,16,1],"texture":"#4"},"up":{"uv":[0,0,6,16],"texture":"#4"},"down":{"uv":[0,0,6,16],"texture":"#4"}}},{"from":[1.6,9,6.3],"to":[8.2,9.3,14.3],"rotation":{"angle":22.5,"axis":"y","origin":[0,0,0]},"faces":{"north":{"uv":[0,0,16,0.3],"texture":"#3"},"east":{"uv":[0,0,16,0.8],"texture":"#3"},"south":{"uv":[0,0,16,0.3],"texture":"#3"},"west":{"uv":[0,0,16,1.3],"texture":"#3"},"up":{"uv":[0,0,16,16],"texture":"#3"},"down":{"uv":[0,0,16,8],"texture":"#3"}}},{"from":[3,7,0.5],"to":[13,8,1.5],"faces":{"north":{"uv":[0,0,10,1],"texture":"#2"},"east":{"uv":[0,0,1,1],"texture":"#2"},"south":{"uv":[0,0,10,1],"texture":"#2"},"west":{"uv":[0,0,1,1],"texture":"#2"},"up":{"uv":[0,0,10,1],"texture":"#2"},"down":{"uv":[0,0,10,1],"texture":"#2"}}},{"from":[3,7,14.5],"to":[13,8,15.5],"faces":{"north":{"uv":[0,0,10,1],"texture":"#2"},"east":{"uv":[0,0,1,1],"texture":"#2"},"south":{"uv":[0,0,10,1],"texture":"#2"},"west":{"uv":[0,0,1,1],"texture":"#2"},"up":{"uv":[0,0,10,1],"texture":"#2"},"down":{"uv":[0,0,10,1],"texture":"#2"}}}],"display":{"thirdperson_righthand":{"rotation":[75,45,0],"translation":[0,2.5,0],"scale":[0.375,0.375,0.375]},"thirdperson_lefthand":{"rotation":[75,45,0],"translation":[0,2.5,0],"scale":[0.375,0.375,0.375]},"firstperson_righthand":{"rotation":[0,45,0],"scale":[0.4,0.4,0.4]},"firstperson_lefthand":{"rotation":[0,45,0],"scale":[0.4,0.4,0.4]},"ground":{"translation":[0,2,0],"scale":[0.5,0.5,0.5]},"gui":{"rotation":[30,45,0],"translation":[0,-0.6,0],"scale":[0.5,0.5,0.5]},"head":{"translation":[0,-30.4,0],"scale":[1.6,1.6,1.6]},"fixed":{"rotation":[-90,180,0],"translation":[0,0,-14],"scale":[2.01,2.01,2.01]}}}