{"credit":"Made with Blockbench","texture_size":[32,32],"textures":{"1":"furnituresplus:furnituresplus/redpaint","3":"furnituresplus:furnituresplus/redpaintb","4":"furnituresplus:furnituresplus/oakchisledr","5":"furnituresplus:furnituresplus/red_paint","particle":"furnituresplus:furnituresplus/redpaint"},"elements":[{"from":[-1.9,0,0],"to":[8.1,1,1],"faces":{"north":{"uv":[0,0,10,1],"texture":"#4"},"east":{"uv":[0,0,1,1],"texture":"#4"},"south":{"uv":[0,0,10,1],"texture":"#4"},"west":{"uv":[0,0,1,1],"texture":"#4"},"up":{"uv":[0,0,10,1],"texture":"#4"},"down":{"uv":[0,0,10,1],"texture":"#4"}}},{"from":[-1.9,9,0],"to":[8.1,10,1],"faces":{"north":{"uv":[0,0,10,1],"texture":"#4"},"east":{"uv":[0,0,1,1],"texture":"#4"},"south":{"uv":[0,0,10,1],"texture":"#4"},"west":{"uv":[0,0,1,1],"texture":"#4"},"up":{"uv":[0,0,10,1],"texture":"#4"},"down":{"uv":[0,0,10,1],"texture":"#4"}}},{"from":[-0.9,1,0],"to":[7.1,9,0.4],"faces":{"north":{"uv":[0,0,8,8],"texture":"#4"},"east":{"uv":[0,0,0.3,16],"texture":"#4"},"south":{"uv":[0,0,16,16],"texture":"#1"},"west":{"uv":[0,0,0.3,16],"texture":"#4"},"up":{"uv":[0,0,16,0.3],"texture":"#4"},"down":{"uv":[0,0,16,0.3],"texture":"#4"}}},{"from":[-0.9,12.1,0],"to":[7.1,20.1,0.4],"faces":{"north":{"uv":[0,0,8,8],"texture":"#4"},"east":{"uv":[0,0,0.3,16],"texture":"#3"},"south":{"uv":[0,0,16,16],"texture":"#3"},"west":{"uv":[0,0,0.3,16],"texture":"#3"},"up":{"uv":[0,0,16,0.3],"texture":"#3"},"down":{"uv":[0,0,16,0.3],"texture":"#3"}}},{"from":[-1.9,1,0],"to":[-0.9,9,1],"faces":{"north":{"uv":[0,0,1,8],"texture":"#4"},"east":{"uv":[0,0,1,8],"texture":"#4"},"south":{"uv":[0,0,1,8],"texture":"#4"},"west":{"uv":[0,0,1,8],"texture":"#4"},"up":{"uv":[0,0,1,1],"texture":"#4"},"down":{"uv":[0,0,1,1],"texture":"#4"}}},{"from":[7.1,1,0],"to":[8.1,9,1],"faces":{"north":{"uv":[0,0,1,8],"texture":"#4"},"east":{"uv":[0,0,1,8],"texture":"#4"},"south":{"uv":[0,0,1,8],"texture":"#4"},"west":{"uv":[0,0,1,8],"texture":"#4"},"up":{"uv":[0,0,1,1],"texture":"#4"},"down":{"uv":[0,0,1,1],"texture":"#4"}}},{"from":[7.1,12.1,0],"to":[8.1,20.1,1],"faces":{"north":{"uv":[0,0,1,8],"texture":"#4"},"east":{"uv":[0,0,1,8],"texture":"#4"},"south":{"uv":[0,0,1,8],"texture":"#4"},"west":{"uv":[0,0,1,8],"texture":"#4"},"up":{"uv":[0,0,1,1],"texture":"#4"},"down":{"uv":[0,0,1,1],"texture":"#4"}}},{"from":[-1.9,20.1,0],"to":[8.1,21.1,1],"faces":{"north":{"uv":[0,0,10,1],"texture":"#4"},"east":{"uv":[0,0,1,1],"texture":"#4"},"south":{"uv":[0,0,10,1],"texture":"#4"},"west":{"uv":[0,0,1,1],"texture":"#4"},"up":{"uv":[0,0,10,1],"texture":"#4"},"down":{"uv":[0,0,10,1],"texture":"#4"}}},{"from":[-1.9,12.1,0],"to":[-0.9,20.1,1],"faces":{"north":{"uv":[0,0,1,8],"texture":"#4"},"east":{"uv":[0,0,1,8],"texture":"#4"},"south":{"uv":[0,0,1,8],"texture":"#4"},"west":{"uv":[0,0,1,8],"texture":"#4"},"up":{"uv":[0,0,1,1],"texture":"#4"},"down":{"uv":[0,0,1,1],"texture":"#4"}}},{"from":[-1.9,11.1,0],"to":[8.1,12.1,1],"faces":{"north":{"uv":[0,0,10,1],"texture":"#4"},"east":{"uv":[0,0,1,1],"texture":"#4"},"south":{"uv":[0,0,10,1],"texture":"#4"},"west":{"uv":[0,0,1,1],"texture":"#4"},"up":{"uv":[0,0,10,1],"texture":"#4"},"down":{"uv":[0,0,10,1],"texture":"#4"}}},{"from":[9.1,0,0],"to":[19.1,1,1],"faces":{"north":{"uv":[0,0,10,1],"texture":"#4"},"east":{"uv":[0,0,1,1],"texture":"#4"},"south":{"uv":[0,0,10,1],"texture":"#4"},"west":{"uv":[0,0,1,1],"texture":"#4"},"up":{"uv":[0,0,10,1],"texture":"#4"},"down":{"uv":[0,0,10,1],"texture":"#4"}}},{"from":[10.1,1,0],"to":[18.1,13,0.4],"faces":{"north":{"uv":[0,0,4,6],"texture":"#5"},"east":{"uv":[0,6,0.25,12],"texture":"#5"},"south":{"uv":[4,0,8,6],"texture":"#5"},"west":{"uv":[0,6,0.25,12],"texture":"#5"},"up":{"uv":[4.5,6.25,0.5,6],"texture":"#5"},"down":{"uv":[4.5,6,0.5,6.25],"texture":"#5"}}},{"from":[9.1,1,0],"to":[10.1,13,1],"faces":{"north":{"uv":[0,0,1,12],"texture":"#4"},"east":{"uv":[0,0,1,12],"texture":"#4"},"south":{"uv":[0,0,1,12],"texture":"#4"},"west":{"uv":[0,0,1,12],"texture":"#4"},"up":{"uv":[0,0,1,1],"texture":"#4"},"down":{"uv":[0,0,1,1],"texture":"#4"}}},{"from":[18.1,1,0],"to":[19.1,13,1],"faces":{"north":{"uv":[0,0,1,12],"texture":"#4"},"east":{"uv":[0,0,1,12],"texture":"#4"},"south":{"uv":[0,0,1,12],"texture":"#4"},"west":{"uv":[0,0,1,12],"texture":"#4"},"up":{"uv":[0,0,1,1],"texture":"#4"},"down":{"uv":[0,0,1,1],"texture":"#4"}}},{"from":[9.1,13,0],"to":[19.1,14,1],"faces":{"north":{"uv":[0,0,10,1],"texture":"#4"},"east":{"uv":[0,0,1,1],"texture":"#4"},"south":{"uv":[0,0,10,1],"texture":"#4"},"west":{"uv":[0,0,1,1],"texture":"#4"},"up":{"uv":[0,0,10,1],"texture":"#4"},"down":{"uv":[0,0,10,1],"texture":"#4"}}}],"gui_light":"front","display":{"thirdperson_righthand":{"rotation":[5.05,-1.99,0.36],"translation":[0,2.5,3],"scale":[0.375,0.375,0.375]},"thirdperson_lefthand":{"rotation":[5.05,-1.99,0.36],"translation":[0,2.5,3],"scale":[0.375,0.375,0.375]},"firstperson_righthand":{"rotation":[0,-1.25,0],"translation":[4.5,0.5,0],"scale":[0.4,0.4,0.4]},"firstperson_lefthand":{"rotation":[0,-1.25,0],"translation":[4.5,0.5,0],"scale":[0.4,0.4,0.4]},"ground":{"translation":[0,2,0],"scale":[0.5,0.5,0.5]},"gui":{"translation":[-0.5,-1.85,0],"scale":[0.75,0.75,0.75]},"head":{"translation":[0,-30.4,0],"scale":[1.6,1.6,1.6]},"fixed":{"rotation":[-90,180,0],"translation":[0,0,-16],"scale":[2,2,2]}}}