{
	"credit": "Made with Blockbench",
	"textures": {
		"3": "world_additions:copper_ore",
		"particle": "world_additions:copper_ore"
	},
	"elements": [
		{
			"from": [13, 0, 9],
			"to": [17, 2, 13],
			"rotation": {"angle": -45, "axis": "y", "origin": [12.5, 1.5, 8.5]},
			"faces": {
				"north": {"uv": [12, 14, 8, 16], "rotation": 180, "texture": "#3"},
				"east": {"uv": [9, 16, 7, 12], "rotation": 90, "texture": "#3"},
				"south": {"uv": [12, 11, 8, 13], "texture": "#3"},
				"west": {"uv": [11, 12, 13, 16], "rotation": 90, "texture": "#3"},
				"up": {"uv": [8, 12, 12, 16], "rotation": 180, "texture": "#3"},
				"down": {"uv": [8, 12, 12, 16], "rotation": 90, "texture": "#3"}
			}
		},
		{
			"from": [2.30761, 0, 1.67157],
			"to": [6.30761, 2, 5.67157],
			"rotation": {"angle": 22.5, "axis": "y", "origin": [3.30761, 1, 5.67157]},
			"faces": {
				"north": {"uv": [7, 10, 9, 14], "rotation": 90, "texture": "#3"},
				"east": {"uv": [8, 15, 4, 13], "rotation": 180, "texture": "#3"},
				"south": {"uv": [3, 10, 5, 14], "rotation": 270, "texture": "#3"},
				"west": {"uv": [4, 9, 8, 11], "rotation": 180, "texture": "#3"},
				"up": {"uv": [4, 10, 8, 14], "rotation": 270, "texture": "#3"},
				"down": {"uv": [4, 10, 8, 14], "rotation": 90, "texture": "#3"}
			}
		},
		{
			"from": [11, 0, 1.34315],
			"to": [14, 1, 4.34315],
			"rotation": {"angle": -22.5, "axis": "y", "origin": [12.5, 0.5, 2.84315]},
			"faces": {
				"north": {"uv": [11, 13, 8, 14], "texture": "#3"},
				"east": {"uv": [8, 15, 11, 16], "rotation": 180, "texture": "#3"},
				"south": {"uv": [11, 15, 8, 16], "rotation": 180, "texture": "#3"},
				"west": {"uv": [8, 13, 11, 14], "texture": "#3"},
				"up": {"uv": [8, 13, 11, 16], "texture": "#3"},
				"down": {"uv": [8, 13, 11, 16], "texture": "#3"}
			}
		},
		{
			"from": [3, 0, 6],
			"to": [10, 3, 13],
			"faces": {
				"north": {"uv": [11, 13, 4, 10], "rotation": 180, "texture": "#3"},
				"east": {"uv": [5, 11, 2, 4], "rotation": 90, "texture": "#3"},
				"south": {"uv": [4, 2, 11, 5], "rotation": 180, "texture": "#3"},
				"west": {"uv": [10, 4, 13, 11], "rotation": 90, "texture": "#3"},
				"up": {"uv": [4, 4, 11, 11], "rotation": 180, "texture": "#3"},
				"down": {"uv": [4, 4, 11, 11], "texture": "#3"}
			}
		}
	],
	"display": {
		"thirdperson_righthand": {
			"rotation": [3, -101, 0],
			"translation": [0, 2, 1],
			"scale": [0.25, 0.25, 0.25]
		},
		"thirdperson_lefthand": {
			"rotation": [3, 101, 0],
			"translation": [0, 2, 1],
			"scale": [0.25, 0.25, 0.25]
		},
		"firstperson_righthand": {
			"rotation": [-12, -149, -15],
			"translation": [-0.75, 5, 2.5],
			"scale": [0.25, 0.25, 0.25]
		},
		"firstperson_lefthand": {
			"rotation": [16, 125, -23],
			"translation": [-1, 5.5, 3],
			"scale": [0.25, 0.25, 0.25]
		},
		"ground": {
			"translation": [0, 3.5, 0],
			"scale": [0.7, 0.7, 0.7]
		},
		"gui": {
			"rotation": [45, 170, 0],
			"translation": [0.25, 5, 0],
			"scale": [1.07, 1.07, 1.07]
		},
		"head": {
			"translation": [0, 14, 0]
		},
		"fixed": {
			"rotation": [-90, 0, 0],
			"translation": [0, 0, -7]
		}
	}
}