{"model":{"type":"range_dispatch","property":"custom_model_data","index":0,"fallback":{"type":"model","model":"item/wooden_sword"},"entries":[{"threshold":10000,"model":{"type":"model","model":"iaspecial_swords:item/baseball_bat"}},{"threshold":10001,"model":{"type":"model","model":"iaspecial_swords:item/gandalf_stick"}},{"threshold":10002,"model":{"type":"model","model":"iaspecial_swords:ia_auto_gen/guitar_sword"}},{"threshold":10003,"model":{"type":"model","model":"iasurvival:ia_auto_gen/sweets_sword"}},{"threshold":10004,"model":{"type":"model","model":"iasurvival:ia_auto_gen/waterskin"}},{"threshold":10005,"model":{"type":"model","model":"iasurvival:ia_auto_gen/chisel"}},{"threshold":10006,"model":{"type":"model","model":"iasurvival:ia_auto_gen/knife"}},{"threshold":10007,"model":{"type":"model","model":"item/wooden_sword"}}]}}